ExperimentName,Subject,Direction,JOL,JOL_RT,recall_cue,Recall_Response,sorted_JOL_CUE,sorted_JOL_TARGET,percent_match,scored
D_JOL C 2,135,B,,4820,Cold,hot,Cold,bitter,0,0
D_JOL C 2,135,B,,9687,Money,bank,Money,wage,0,0
D_JOL A 2,133,F,100,3578,Way,out,Way,out,100,1
D_JOL A 2,133,F,100,6090,Geology,rock,Geology,rock,100,1
D_JOL A 2,133,S,100,3891,Grill,meat,Grill,bar,0,0
D_JOL A 2,133,S,100,4062,Begin,end,Begin,end,100,1
D_JOL A 2,133,S,100,4998,Past,future,Past,future,100,1
D_JOL A 2,133,S,100,2381,Circle,round,Circle,round,100,1
D_JOL A 2,137,B,100,2464,Sleep,wake,Sleep,drowsy,0,0
D_JOL A 2,137,S,100,1304,Honey,bee,Honey,bee,100,1
D_JOL A 2,133,S,100,4678,Candle,wax,Candle,wax,100,1
D_JOL A 2,133,S,100,6594,Alone,empty,Alone,lonely,0,0
D_JOL A 2,137,F,100,2683,Furry,dog,Furry,dog,100,1
D_JOL A 2,137,B,100,1230,Dead,ccoffin,Dead,coffin,0,0
D_JOL A 2,137,S,100,1614,Water,drink,Water,drink,100,1
D_JOL B 2,130,F,100,1645,Paw,dog,Paw,dog,100,1
D_JOL B 2,130,F,100,2036,Bridge,car,Bridge,water,0,0
D_JOL B 2,130,F,100,1898,Credit,card,Credit,card,100,1
D_JOL B 2,130,F,100,2240,Tuna,fish,Tuna,fish,100,1
D_JOL B 2,130,B,100,2248,Take,obtain,Take,seize,0,0
D_JOL B 2,130,B,100,2302,Smell,stench,Smell,stench,100,1
D_JOL B 2,130,S,100,3202,Due,assigmnet,Due,assignment,0,0
D_JOL B 2,130,S,100,3679,Blow,wind,Blow,wind,100,1
D_JOL B 2,130,S,100,2509,Bathroom,toliet,Bathroom,toilet,0,0
D_JOL B 2,130,S,100,1833,Honey,bee,Honey,bee,100,1
D_JOL B 2,134,F,100,2046,Paw,dog,Paw,dog,100,1
D_JOL B 2,134,F,100,1889,Bridge,water,Bridge,water,100,1
D_JOL B 2,134,S,100,2017,Location,site,Location,site,100,1
D_JOL B 2,134,S,100,3098,Begin,end,Begin,end,100,1
D_JOL B 2,134,S,100,2084,Bathroom,toilet,Bathroom,toilet,100,1
D_JOL B 2,134,S,100,2223,Past,future,Past,future,100,1
D_JOL B 2,134,S,100,2462,Honey,bee,Honey,bee,100,1
D_JOL B 2,134,S,100,1835,Circle,round,Circle,round,100,1
D_JOL B 2,138,F,100,2351,Way,out,Way,out,100,1
D_JOL B 2,138,F,100,7085,Bridge,river,Bridge,water,0,0
D_JOL B 2,138,F,100,2314,Tuna,fish,Tuna,fish,100,1
D_JOL B 2,138,B,100,3550,Height,growth,Height,growth,100,1
D_JOL B 2,138,B,100,3938,Law,attorney,Law,attorney,100,1
D_JOL B 2,138,S,100,4222,Kidney,liver,Kidney,liver,100,1
D_JOL B 2,138,S,100,1502,Bathroom,toilet,Bathroom,toilet,100,1
D_JOL B 2,138,S,100,3776,Shoe,foot,Shoe,foot,100,1
D_JOL B 2,138,S,100,930,Honey,sweet,Honey,bee,0,0
D_JOL B 2,138,S,100,5143,Baby,child,Baby,child,100,1
D_JOL B 2,138,U,100,2281,Hide,sick,Hide,sick,100,1
D_JOL B 2,130,F,100,3517,Mule,donkey,Mule,donkey,100,1
D_JOL B 2,130,B,100,2409,Honest,truthful,Honest,truthful,100,1
D_JOL B 2,130,B,100,1726,Sleep,nap,Sleep,drowsy,0,0
D_JOL B 2,130,S,100,9605,Water,drink,Water,drink,100,1
D_JOL B 2,130,S,100,4763,Sun,tan,Sun,tan,100,1
D_JOL B 2,134,F,100,2246,Adjourn,end,Adjourn,end,100,1
D_JOL B 2,134,F,100,2679,Cherry,red,Cherry,red,100,1
D_JOL B 2,134,F,100,2211,Scalp,head,Scalp,head,100,1
D_JOL B 2,134,F,100,2284,Chop,cut,Chop,cut,100,1
D_JOL B 2,134,F,100,2737,Mule,donkey,Mule,donkey,100,1
D_JOL B 2,134,F,100,1963,Incense,scent,Incense,smell,0,0
D_JOL B 2,134,F,100,2868,Dine,eat,Dine,eat,100,1
D_JOL B 2,134,F,100,2638,Shears,scissors,Shears,scissors,100,1
D_JOL B 2,134,F,100,2152,Feud,fight,Feud,fight,100,1
D_JOL B 2,134,B,100,2056,Turn,flip,Turn,flip,100,1
D_JOL B 2,134,B,100,5930,Star,sky,Star,actress,0,0
D_JOL B 2,134,B,100,2273,Even,odd,Even,revenge,0,0
D_JOL B 2,134,B,100,2582,Fruit,strawberry,Fruit,strawberry,100,1
D_JOL B 2,134,B,100,2119,Best,favorite,Best,favorite,100,1
D_JOL B 2,134,B,100,2591,Dead,coffin,Dead,coffin,100,1
D_JOL B 2,134,B,100,3785,Plane,aircraft,Plane,pilot,0,0
D_JOL B 2,134,B,100,2473,Money,banker,Money,banker,100,1
D_JOL B 2,134,B,100,2382,Sleep,nap,Sleep,drowsy,0,0
D_JOL B 2,134,B,100,3370,Fight,argue,Fight,brawl,0,0
D_JOL B 2,134,S,100,2418,Rights,justice,Rights,equal,0,0
D_JOL B 2,134,S,100,2354,Candle,wax,Candle,wax,100,1
D_JOL B 2,134,S,100,2189,Earth,ground,Earth,ground,100,1
D_JOL B 2,134,S,100,2065,Alone,lonely,Alone,lonely,100,1
D_JOL B 2,134,S,100,1929,Dry,wet,Dry,wet,100,1
D_JOL B 2,134,S,100,3585,Truth,honest,Truth,lie,0,0
D_JOL B 2,134,S,100,2383,Phone,call,Phone,communication,0,0
D_JOL B 2,134,S,100,2072,Loud,noise,Loud,noise,100,1
D_JOL B 2,134,S,100,1828,Own,have,Own,have,100,1
D_JOL B 2,134,S,100,2289,Sun,keys,Sun,tan,0,0
D_JOL B 2,134,U,100,2987,Mirror,children,Mirror,children,100,1
D_JOL B 2,138,F,100,3394,Document,paper,Document,paper,100,1
D_JOL B 2,138,F,100,3178,Dine,eat,Dine,eat,100,1
D_JOL B 2,138,B,100,4477,Pop,balloon,Pop,soda,0,0
D_JOL B 2,138,B,100,2409,Dead,meat,Dead,coffin,0,0
D_JOL B 2,138,B,100,2426,Baseball,high,Baseball,league,0,0
D_JOL B 2,138,S,100,7837,Candle,wax,Candle,wax,100,1
D_JOL B 2,138,S,100,4651,Earth,ground,Earth,ground,100,1
D_JOL B 2,138,S,100,5070,Dry,wet,Dry,wet,100,1
D_JOL B 2,138,S,100,4130,Sun,sky,Sun,tan,0,0
D_JOL C 2,131,F,100,2326,Word,day,Word,sentence,0,0
D_JOL C 2,131,F,100,2608,Wasp,sting,Wasp,bug,0,0
D_JOL C 2,131,F,100,3093,Division,math,Division,math,100,1
D_JOL C 2,131,F,100,2097,Attorney,ba,Attorney,law,0,0
D_JOL C 2,131,F,100,2415,Fantastic,great,Fantastic,great,100,1
D_JOL C 2,131,F,100,2899,Latch,key,Latch,key,100,1
D_JOL C 2,131,F,100,2620,Chili,hot,Chili,hot,100,1
D_JOL C 2,131,F,100,2221,Racket,ball,Racket,ball,100,1
D_JOL C 2,131,F,100,1842,Chore,duty,Chore,work,0,0
D_JOL C 2,131,F,100,2667,Famine,hungry,Famine,hunger,0,0
D_JOL C 2,131,F,100,2416,Stench,smell,Stench,smell,100,1
D_JOL C 2,131,F,100,2151,Pilot,plane,Pilot,plane,100,1
D_JOL C 2,131,F,100,1860,Blaze,fire,Blaze,fire,100,1
D_JOL C 2,131,B,100,2250,Bad,good,Bad,delinquent,0,0
D_JOL C 2,131,B,100,3750,Stomach,back,Stomach,digestion,0,0
D_JOL C 2,131,B,100,1871,Money,amount,Money,wage,0,0
D_JOL C 2,131,B,100,2789,Sting,stench,Sting,hornet,0,0
D_JOL C 2,131,B,100,2444,Cold,sick,Cold,bitter,0,0
D_JOL C 2,131,B,100,2355,Plant,flowe,Plant,root,0,0
D_JOL C 2,131,B,100,2482,Bird,nest,Bird,swan,0,0
D_JOL C 2,131,B,100,2395,Dog,food,Dog,paw,0,0
D_JOL C 2,131,B,100,2296,Out,comes,Out,way,0,0
D_JOL C 2,131,B,100,2046,Rock,hard,Rock,geology,0,0
D_JOL C 2,131,B,100,1539,Talk,alot,Talk,discussion,0,0
D_JOL C 2,131,B,100,4706,Card,swipe,Card,credit,0,0
D_JOL C 2,131,B,100,3533,Flower,child,Flower,orchid,0,0
D_JOL C 2,131,B,100,2076,Fish,tuna,Fish,tuna,100,1
D_JOL C 2,131,S,100,3479,Waste,good,Waste,dump,0,0
D_JOL C 2,131,S,100,1907,Jury,attorney,Jury,trial,0,0
D_JOL C 2,131,S,100,3672,Design,architect,Design,architecture,133.3333333,1
D_JOL C 2,131,S,100,3559,Bar,lift,Bar,grill,0,0
D_JOL C 2,131,S,100,4172,Liver,kidney,Liver,kidney,100,1
D_JOL C 2,131,S,100,6920,End,begin,End,begin,100,1
D_JOL C 2,131,S,100,2617,Wind,breaker,Wind,blow,0,0
D_JOL C 2,131,S,100,1928,Toilet,tubb,Toilet,bathroom,0,0
D_JOL C 2,131,S,100,5046,Decision,made,Decision,choice,0,0
D_JOL C 2,131,S,100,4498,Foot,toe,Foot,shoe,0,0
D_JOL C 2,131,S,100,2556,Future,past,Future,past,100,1
D_JOL C 2,131,S,100,4819,Salad,healthy,Salad,lettuce,0,0
D_JOL C 2,131,S,100,2024,Bee,honey,Bee,honey,100,1
D_JOL C 2,131,S,100,2304,Child,flower,Child,baby,0,0
D_JOL C 2,131,U,100,2945,Woman,man,Woman,lift,0,0
D_JOL C 2,131,U,100,2329,Belt,latch,Belt,soon,0,0
D_JOL C 2,131,U,100,3553,Business,meeting,Business,death,0,0
D_JOL C 2,131,U,100,2830,Sight,scene,Sight,debate,0,0
D_JOL C 2,131,U,100,1399,Bronze,gold,Bronze,artery,0,0
D_JOL C 2,131,U,100,4048,Hand,made,Hand,fix,0,0
D_JOL C 2,131,U,100,2878,Tuck,uder,Tuck,allow,0,0
D_JOL C 2,131,U,100,2772,Lion,king,Lion,art,0,0
D_JOL C 2,131,U,100,2721,Accident,car,Accident,strong,0,0
D_JOL C 2,131,U,100,3122,Riddle,game,Riddle,sugar,0,0
D_JOL C 2,131,U,100,6311,Sick,cold,Sick,hide,0,0
D_JOL C 2,135,F,100,3613,Racket,ball,Racket,ball,100,1
D_JOL C 2,135,B,100,1959,Rock,medicine,Rock,geology,0,0
D_JOL C 2,135,S,100,3573,Bee,honey,Bee,honey,100,1
D_JOL C 2,131,F,100,3483,Thimble,tick,Thimble,thread,0,0
D_JOL C 2,131,F,100,3550,Strawberry,fruit,Strawberry,fruit,100,1
D_JOL C 2,131,F,100,3510,Favorite,show,Favorite,best,0,0
D_JOL C 2,131,F,100,3563,Breakable,unbreakable,Breakable,glass,0,0
D_JOL C 2,131,F,100,4210,Sardine,tuna,Sardine,fish,0,0
D_JOL C 2,131,F,100,5223,League,baseball,League,baseball,100,1
D_JOL C 2,131,F,100,9129,Brawl,down,Brawl,fight,0,0
D_JOL C 2,131,B,100,2991,Long,hair,Long,extension,0,0
D_JOL C 2,131,B,100,3614,Tie,shoe,Tie,shoelace,200,0
D_JOL C 2,131,B,100,8445,End,begin,End,begin,100,1
D_JOL C 2,131,B,100,1337,Dog,food,Dog,paw,0,0
D_JOL C 2,131,B,100,3588,Trash,ba,Trash,litter,0,0
D_JOL C 2,131,B,100,4672,Cut,ties,Cut,chop,0,0
D_JOL C 2,131,B,100,2202,Eat,ou,Eat,dine,0,0
D_JOL C 2,131,B,100,1541,Scissors,cut,Scissors,shears,0,0
D_JOL C 2,131,B,100,5079,Fight,calm,Fight,feud,0,0
D_JOL C 2,131,B,100,3007,Love,hate,Love,affection,0,0
D_JOL C 2,131,S,100,4600,Shave,head,Shave,razor,0,0
D_JOL C 2,131,S,100,5709,Jar,mustard,Jar,mason,0,0
D_JOL C 2,131,S,100,2817,Bracelet,chai,Bracelet,wrist,0,0
D_JOL C 2,131,S,100,1952,Away,near,Away,gone,0,0
D_JOL C 2,131,S,100,2793,Ground,beef,Ground,earth,0,0
D_JOL C 2,131,S,100,4773,Lonely,alone,Lonely,alone,100,1
D_JOL C 2,131,S,100,3173,Wet,clother,Wet,dry,0,0
D_JOL C 2,131,S,100,3622,Lie,down,Lie,truth,0,0
D_JOL C 2,131,S,100,2115,Communication,talk,Communication,phone,0,0
D_JOL C 2,131,S,100,6708,Reel,fish,Reel,rod,0,0
D_JOL C 2,131,U,100,3256,Tan,pale,Tan,sun,0,0
D_JOL C 2,131,U,100,2380,Election,year,Election,maze,0,0
D_JOL C 2,131,U,100,4324,Joke,play,Joke,keys,0,0
D_JOL C 2,131,U,100,4813,Children,play,Children,mirror,0,0
D_JOL C 2,131,U,100,2631,Main,street,Main,scar,0,0
D_JOL A 2,133,F,99,3130,Hygiene,clean,Hygiene,clean,100,1
D_JOL A 2,133,B,99,4116,Work,would,Work,chore,0,0
D_JOL A 2,133,S,99,4044,Due,pay,Due,assignment,0,0
D_JOL A 2,133,S,99,7903,Location,place,Location,site,0,0
D_JOL A 2,133,S,99,4418,Lettuce,salad,Lettuce,salad,100,1
D_JOL A 2,133,S,99,3943,Honey,bee,Honey,bee,100,1
D_JOL A 2,133,U,99,3360,Park,hungry,Park,hungry,100,1
D_JOL A 2,133,U,99,2509,Artery,rust,Artery,bronze,0,0
D_JOL A 2,133,U,99,5392,Strong,weak,Strong,accident,0,0
D_JOL A 2,133,U,99,9184,Cash,would,Cash,would,100,1
D_JOL A 2,133,F,99,2375,Chill,cold,Chill,cold,100,1
D_JOL A 2,133,U,99,2059,Crackle,break,Crackle,able,0,0
D_JOL A 2,133,U,99,3384,Listen,tlk,Listen,fiction,0,0
D_JOL A 2,133,U,99,3136,Keys,lock,Keys,joke,0,0
D_JOL B 2,130,F,99,1959,Bitter,mad,Bitter,cold,0,0
D_JOL B 2,130,S,99,3571,Baby,children,Baby,child,0,0
D_JOL B 2,138,F,99,7197,Herd,cow,Herd,cow,100,1
D_JOL B 2,138,F,99,2263,Credit,card,Credit,card,100,1
D_JOL B 2,138,B,99,5328,Hunger,food,Hunger,famine,0,0
D_JOL B 2,130,S,99,3918,Tantrum,temper,Tantrum,temper,100,1
D_JOL B 2,138,F,99,4865,Chop,cut,Chop,cut,100,1
D_JOL B 2,138,B,99,7815,Sleep,night,Sleep,drowsy,0,0
D_JOL D 2,132,B,99,7004,Clean,hygeine,Clean,hygiene,0,0
D_JOL A 2,133,F,98,4078,Bitter,sweet,Bitter,cold,0,0
D_JOL A 2,133,F,98,6054,Revolution,war,Revolution,war,100,1
D_JOL A 2,133,B,98,2533,Full,empty,Full,enough,0,0
D_JOL A 2,133,B,98,4751,Take,out,Take,seize,0,0
D_JOL A 2,133,B,98,6269,Law,justice,Law,attorney,0,0
D_JOL A 2,133,B,98,4705,Ball,bounce,Ball,racket,0,0
D_JOL A 2,133,B,98,5184,Smell,stinch,Smell,stench,0,0
D_JOL A 2,133,S,98,2900,Choice,decission,Choice,decision,0,0
D_JOL A 2,133,U,98,3197,Allow,let,Allow,tuck,0,0
D_JOL A 2,133,F,98,1938,Dine,eat,Dine,eat,100,1
D_JOL A 2,133,B,98,2207,Star,shine,Star,actress,0,0
D_JOL A 2,133,S,98,1846,Rights,rules,Rights,equal,0,0
D_JOL A 2,133,S,98,2486,Own,buy,Own,have,0,0
D_JOL A 2,133,U,98,2177,Stretch,pull,Stretch,cloth,0,0
D_JOL A 2,133,U,98,1444,Maze,tunnel,Maze,election,0,0
D_JOL B 2,130,B,98,3380,Law,attonrety,Law,attorney,0,0
D_JOL B 2,130,S,98,2816,Pop,soda,Pop,soda,100,1
D_JOL B 2,134,F,98,2450,Root,plant,Root,plant,100,1
D_JOL B 2,134,F,98,2502,Tuna,fish,Tuna,fish,100,1
D_JOL B 2,138,B,98,4891,Hot,temperature,Hot,chili,0,0
D_JOL B 2,138,B,98,3546,Clothes,neat,Clothes,attire,0,0
D_JOL B 2,138,U,98,3432,Death,coffin,Death,business,0,0
D_JOL B 2,130,F,98,3561,Affection,love,Affection,love,100,1
D_JOL B 2,134,F,98,3016,Document,paper,Document,paper,100,1
D_JOL B 2,134,B,98,4306,Glass,break,Glass,breakable,180,1
D_JOL B 2,134,B,98,2540,Honest,truth,Honest,truthful,160,1
D_JOL B 2,134,S,98,1716,Flea,tick,Flea,tick,100,1
D_JOL A 2,133,F,97,4803,Paw,dog,Paw,dog,100,1
D_JOL A 2,133,F,97,2920,Discussion,talk,Discussion,talk,100,1
D_JOL A 2,133,F,97,6319,Credit,card,Credit,card,100,1
D_JOL A 2,133,F,97,6976,Tuna,fish,Tuna,fish,100,1
D_JOL A 2,133,B,97,3760,Drink,water,Drink,sip,0,0
D_JOL A 2,133,B,97,8090,Plane,fly,Plane,pilot,0,0
D_JOL A 2,133,S,97,5885,Number,one,Number,amount,0,0
D_JOL A 2,133,S,97,4296,Dump,trash,Dump,waste,0,0
D_JOL A 2,133,S,97,5513,Kidney,liver,Kidney,liver,100,1
D_JOL A 2,133,S,97,5780,Pop,soda,Pop,soda,100,1
D_JOL A 2,133,U,97,2369,Pusher,run,Pusher,clutter,0,0
D_JOL A 2,133,U,97,4740,Happy,sad,Happy,car,0,0
D_JOL A 2,133,U,97,2232,Sugar,sweet,Sugar,riddle,0,0
D_JOL A 2,133,F,97,3049,Litter,cat,Litter,trash,0,0
D_JOL A 2,133,F,97,2934,Mule,horse,Mule,donkey,0,0
D_JOL A 2,133,B,97,2760,Even,odd,Even,revenge,0,0
D_JOL A 2,133,S,97,1803,Safety,blanket,Safety,seatbelt,0,0
D_JOL B 2,134,B,97,1977,Math,division,Math,division,100,1
D_JOL A 2,133,B,96,2398,Dark,light,Dark,cave,0,0
D_JOL A 2,133,S,96,2856,Blow,wind,Blow,wind,100,1
D_JOL A 2,133,S,96,4642,Mason,jar,Mason,jar,100,1
D_JOL B 2,130,S,96,4063,Architecture,build,Architecture,design,0,0
D_JOL B 2,138,B,96,7552,Great,fantastic,Great,fantastic,100,1
D_JOL B 2,130,B,96,5845,Dead,coffin,Dead,coffin,100,1
D_JOL B 2,138,S,96,4969,Truth,honest,Truth,lie,0,0
D_JOL D 2,132,S,96,2050,Design,architecture,Design,architecture,100,1
D_JOL A 2,133,F,95,3463,Hornet,nest,Hornet,sting,0,0
D_JOL A 2,133,B,95,4830,Height,tall,Height,growth,0,0
D_JOL A 2,133,B,95,3088,Hunger,burger,Hunger,famine,0,0
D_JOL A 2,133,S,95,8723,Trial,jurry,Trial,jury,0,0
D_JOL A 2,133,S,95,3642,Bathroom,toilet,Bathroom,toilet,100,1
D_JOL A 2,133,U,95,4252,Discover,find,Discover,floor,0,0
D_JOL A 2,133,U,95,3876,Fix,break,Fix,hand,0,0
D_JOL A 2,133,U,95,3906,Valley,river,Valley,add,0,0
D_JOL A 2,133,B,95,5755,Pop,balloon,Pop,soda,0,0
D_JOL A 2,133,S,95,1721,Rod,reel,Rod,reel,100,1
D_JOL A 2,133,U,95,2612,Name,number,Name,hate,0,0
D_JOL B 2,134,F,95,2123,Orchid,flower,Orchid,flower,100,1
D_JOL B 2,134,B,95,2154,Sleep,nap,Sleep,drowsy,0,0
D_JOL B 2,134,S,95,3503,Trial,error,Trial,jury,0,0
D_JOL B 2,130,B,95,9429,Best,favorite,Best,favorite,100,1
D_JOL B 2,130,S,95,6800,Own,minr,Own,have,0,0
D_JOL B 2,138,F,95,3888,Cherry,red,Cherry,red,100,1
D_JOL B 2,138,B,95,3845,Money,cash,Money,banker,0,0
D_JOL D 2,132,S,95,3858,Equal,rights,Equal,rights,100,1
D_JOL A 2,133,B,94,8754,Key,hole,Key,latch,0,0
D_JOL B 2,130,S,94,4527,Razor,shave,Razor,shave,100,1
D_JOL B 2,134,F,94,5218,Affection,love,Affection,love,100,1
D_JOL B 2,134,B,93,2745,Sentence,words,Sentence,word,0,0
D_JOL B 2,134,S,93,3000,Shoe,foot,Shoe,foot,100,1
D_JOL B 2,130,B,93,6672,Even,revenge,Even,revenge,100,1
D_JOL B 2,134,S,93,2374,Gone,lost,Gone,away,0,0
D_JOL D 2,132,S,93,1345,Salad,lettuce,Salad,lettuce,100,1
D_JOL D 2,132,B,93,4410,Love,affection,Love,affection,100,1
D_JOL A 2,133,S,92,3818,Architecture,hall,Architecture,design,0,0
D_JOL B 2,130,B,92,5097,Hunger,famine,Hunger,famine,100,1
D_JOL D 2,132,F,92,1342,Attorney,law,Attorney,law,100,1
D_JOL D 2,132,F,92,2238,Pilot,plane,Pilot,plane,100,1
D_JOL D 2,132,F,92,4388,Revenge,even,Revenge,even,100,1
D_JOL D 2,132,U,92,1773,Clear,crystal,Clear,moat,0,0
D_JOL B 2,130,S,91,5898,Begin,end,Begin,end,100,1
D_JOL B 2,130,F,91,4510,Litter,paper,Litter,trash,0,0
D_JOL C 2,131,B,91,8159,Paper,book,Paper,document,0,0
D_JOL D 2,132,S,91,3704,Bee,honey,Bee,honey,100,1
D_JOL A 2,133,B,90,4446,Great,fantastic,Great,fantastic,100,1
D_JOL A 2,137,S,90,3995,Due,assignments,Due,assignment,0,0
D_JOL A 2,133,S,90,3029,Water,drink,Water,drink,100,1
D_JOL B 2,130,S,90,3391,Past,future,Past,future,100,1
D_JOL B 2,134,F,90,1700,Hygiene,clean,Hygiene,clean,100,1
D_JOL B 2,134,S,90,3044,Due,assignment,Due,assignment,100,1
D_JOL B 2,138,F,90,6658,Bitter,cold,Bitter,cold,100,1
D_JOL B 2,138,F,90,3255,Root,cause,Root,plant,0,0
D_JOL B 2,138,F,90,1245,Paw,dog,Paw,dog,100,1
D_JOL B 2,138,F,90,1556,Geology,rock,Geology,rock,100,1
D_JOL B 2,138,F,90,4337,Orchid,flower,Orchid,flower,100,1
D_JOL B 2,138,B,90,3217,Bug,wasp,Bug,wasp,100,1
D_JOL B 2,138,B,90,2432,Math,problem,Math,division,0,0
D_JOL B 2,138,B,90,4828,Ball,sphere,Ball,racket,0,0
D_JOL B 2,138,S,90,11935,Dump,throw,Dump,waste,0,0
D_JOL B 2,138,S,90,2903,Trial,jurry,Trial,jury,0,0
D_JOL B 2,138,S,90,3654,Begin,end,Begin,end,100,1
D_JOL B 2,138,S,90,7358,Past,future,Past,future,100,1
D_JOL B 2,130,F,90,5815,Scalp,hair,Scalp,head,0,0
D_JOL B 2,130,F,90,3407,Dine,eat,Dine,eat,100,1
D_JOL B 2,134,S,90,1909,Razor,shave,Razor,shave,100,1
D_JOL B 2,138,F,90,3431,Furry,dog,Furry,dog,100,1
D_JOL B 2,138,F,90,3536,Affection,love,Affection,love,100,1
D_JOL B 2,138,B,90,1871,Star,twinkle,Star,actress,0,0
D_JOL B 2,138,B,90,3869,Honest,truthfu,Honest,truthful,114.2857143,1
D_JOL B 2,138,S,90,4863,Rights,equa,Rights,equal,125,1
D_JOL B 2,138,S,90,9700,Wrist,barcelet,Wrist,bracelet,0,0
D_JOL B 2,138,S,90,2981,Phone,number,Phone,communication,0,0
D_JOL B 2,138,S,90,3855,Loud,cloud,Loud,noise,0,0
D_JOL B 2,138,U,90,5893,Shell,snake,Shell,snake,100,1
D_JOL C 2,135,S,90,2184,Shave,razor,Shave,razor,100,1
D_JOL C 2,135,S,90,2230,Seatbelt,j,Seatbelt,safety,0,0
D_JOL C 2,135,S,90,11459,Hate,love,Hate,name,0,0
D_JOL D 2,132,S,90,1897,Amount,numbers,Amount,number,0,0
D_JOL D 2,132,S,90,4150,Soda,pop,Soda,pop,100,1
D_JOL D 2,132,S,90,16348,Noise,loud,Noise,loud,100,1
D_JOL D 2,132,S,90,13611,Temper,tantrum,Temper,tantrum,100,1
D_JOL A 2,133,F,89,4422,Bridge,boat,Bridge,water,0,0
D_JOL A 2,133,B,89,1884,Hot,chili,Hot,chili,100,1
D_JOL A 2,133,B,89,3700,Sleep,awake,Sleep,drowsy,0,0
D_JOL A 2,133,U,89,6011,Soon,after,Soon,belt,0,0
D_JOL A 2,133,U,89,6597,Hide,stinch,Hide,sick,0,0
D_JOL A 2,137,B,89,3009,Full,ness,Full,enough,0,0
D_JOL A 2,133,F,89,3153,Adjourn,end,Adjourn,end,100,1
D_JOL A 2,133,F,89,4161,Affection,love,Affection,love,100,1
D_JOL A 2,133,B,89,3151,Fish,tuna,Fish,sardine,0,0
D_JOL A 2,133,U,89,3620,Cake,pie,Cake,clothes,0,0
D_JOL A 2,137,S,89,1891,Dry,temperature,Dry,wet,0,0
D_JOL B 2,130,F,89,3892,Hygiene,clean,Hygiene,clean,100,1
D_JOL B 2,134,F,89,3495,Revolution,war,Revolution,war,100,1
D_JOL B 2,138,F,89,4119,Swan,bird,Swan,bird,100,1
D_JOL B 2,138,B,89,7061,Sentence,word,Sentence,word,100,1
D_JOL B 2,138,B,89,2282,Work,home,Work,chore,0,0
D_JOL B 2,138,S,89,1407,Due,assignment,Due,assignment,100,1
D_JOL B 2,138,S,89,3013,Circle,round,Circle,round,100,1
D_JOL B 2,130,B,89,6237,Baseball,league,Baseball,league,100,1
D_JOL B 2,130,S,89,5752,Dry,hot,Dry,wet,0,0
D_JOL B 2,134,B,89,3707,Baseball,evolution,Baseball,league,0,0
D_JOL B 2,134,U,89,1559,Keys,lock,Keys,joke,0,0
D_JOL B 2,134,U,89,3122,Name,hate,Name,hate,100,1
D_JOL D 2,132,S,89,1416,Toilet,bathroom,Toilet,bathroom,100,1
D_JOL D 2,132,S,89,1712,Decision,choice,Decision,choice,100,1
D_JOL A 2,133,F,88,6105,Herd,cow,Herd,cow,100,1
D_JOL A 2,137,F,88,3679,Bridge,water,Bridge,water,100,1
D_JOL A 2,137,U,88,5838,Discover,floor,Discover,floor,100,1
D_JOL A 2,133,F,88,5910,Feud,fight,Feud,fight,100,1
D_JOL A 2,133,S,88,2762,Wrist,band,Wrist,bracelet,0,0
D_JOL A 2,133,S,88,2174,Flea,tick,Flea,tick,100,1
D_JOL B 2,130,F,88,6256,Revolution,war,Revolution,war,100,1
D_JOL B 2,130,B,88,6503,Clothes,shirt,Clothes,attire,0,0
D_JOL B 2,134,B,88,2689,Dark,cave,Dark,cave,100,1
D_JOL B 2,134,U,88,2363,Cash,money,Cash,would,0,0
D_JOL B 2,130,F,88,8974,Shears,siccors,Shears,scissors,0,0
D_JOL B 2,130,S,88,6685,Truth,honest,Truth,lie,0,0
D_JOL B 2,134,F,88,2019,Litter,trash,Litter,trash,100,1
D_JOL A 2,133,B,87,4676,Sentence,write,Sentence,word,0,0
D_JOL A 2,133,S,87,4161,Shoe,foot,Shoe,foot,100,1
D_JOL B 2,130,F,87,12039,Swan,bird,Swan,bird,100,1
D_JOL B 2,138,B,87,2990,Drink,sip,Drink,sip,100,1
D_JOL B 2,130,F,87,4610,Adjourn,end,Adjourn,end,100,1
D_JOL B 2,138,S,87,1591,Alone,lonely,Alone,lonely,100,1
D_JOL C 2,131,S,87,4266,Soda,drink,Soda,pop,0,0
D_JOL D 2,132,S,87,4234,Child,alert,Child,baby,0,0
D_JOL D 2,132,F,87,3521,Coffin,dead,Coffin,dead,100,1
D_JOL D 2,132,F,87,3798,Nap,sleep,Nap,sleep,100,1
D_JOL A 2,133,U,86,3070,Dietary,stomach,Dietary,sacking,0,0
D_JOL A 2,137,F,86,2471,Tuna,fish,Tuna,fish,100,1
D_JOL A 2,133,B,86,2984,Bad,good,Bad,villain,0,0
D_JOL B 2,130,S,86,4798,Wine,cheese,Wine,cheese,100,1
D_JOL B 2,130,B,86,4582,Cat,panther,Cat,panther,100,1
D_JOL B 2,138,U,86,3641,Both,equal,Both,ounce,0,0
D_JOL D 2,132,F,86,3159,Division,math,Division,math,100,1
D_JOL D 2,132,B,86,11580,Out,way,Out,way,100,1
D_JOL A 2,137,S,85,5195,Past,future,Past,future,100,1
D_JOL A 2,133,B,85,4208,Honest,truth,Honest,truthful,160,1
D_JOL A 2,133,S,85,3099,Loud,proud,Loud,noise,0,0
D_JOL B 2,134,F,85,2698,Credit,card,Credit,card,100,1
D_JOL B 2,134,S,85,1805,Architecture,design,Architecture,design,100,1
D_JOL B 2,134,S,85,2896,Kidney,liver,Kidney,liver,100,1
D_JOL B 2,130,F,85,3223,Cherry,red,Cherry,red,100,1
D_JOL B 2,134,S,85,4698,Element,carbon,Element,carbon,100,1
D_JOL B 2,134,S,85,3302,Tantrum,temper,Tantrum,temper,100,1
D_JOL B 2,134,U,85,1964,Lease,sign,Lease,toil,0,0
D_JOL B 2,138,F,85,4251,Adjourn,end,Adjourn,end,100,1
D_JOL B 2,138,B,85,5962,Turn,flip,Turn,flip,100,1
D_JOL B 2,138,B,85,4080,Bad,good,Bad,villain,0,0
D_JOL B 2,138,B,85,5315,Bird,penguine,Bird,penguin,0,0
D_JOL C 2,131,U,85,6255,Sacking,race,Sacking,dietary,0,0
D_JOL C 2,131,S,85,4130,Carbon,dioxide,Carbon,element,0,0
D_JOL C 2,131,S,85,6104,Tick,treat,Tick,flea,0,0
D_JOL D 2,132,B,85,4352,Cow,herd,Cow,herd,100,1
D_JOL D 2,132,S,85,3190,Hate,love,Hate,name,0,0
D_JOL B 2,130,B,84,6326,Plane,crash,Plane,pilot,0,0
D_JOL B 2,130,S,84,3984,Lettuce,salad,Lettuce,salad,100,1
D_JOL B 2,130,S,84,6209,Rights,equal,Rights,equal,100,1
D_JOL D 2,132,B,84,2634,Dog,furry,Dog,paw,0,0
D_JOL D 2,132,S,84,2661,Seatbelt,safety,Seatbelt,safety,100,1
D_JOL B 2,130,S,83,4176,Safety,haven,Safety,seatbelt,0,0
D_JOL D 2,132,F,83,3023,Chili,hot,Chili,hot,100,1
D_JOL D 2,132,B,83,4292,Scissors,shears,Scissors,shears,100,1
D_JOL D 2,132,S,83,3320,Lie,truth,Lie,truth,100,1
D_JOL B 2,130,S,82,11134,Candle,wax,Candle,wax,100,1
D_JOL D 2,132,F,82,4985,Banker,moneu,Banker,money,0,0
D_JOL D 2,132,S,82,4292,Drink,water,Drink,water,100,1
D_JOL A 2,133,U,81,3731,Loan,money,Loan,sign,0,0
D_JOL B 2,130,S,81,4784,Mason,jar,Mason,jar,100,1
D_JOL A 2,137,F,80,3189,Herd,cow,Herd,cow,100,1
D_JOL A 2,137,F,80,2921,Credit,card,Credit,card,100,1
D_JOL A 2,137,U,80,4635,Artery,bronze,Artery,bronze,100,1
D_JOL B 2,130,B,80,2565,Full,satifished,Full,enough,0,0
D_JOL B 2,130,B,80,6414,Math,additon,Math,division,0,0
D_JOL B 2,130,B,80,5690,Great,happiness,Great,fantastic,0,0
D_JOL B 2,130,S,80,5688,Dump,toss,Dump,waste,0,0
D_JOL B 2,134,B,80,2421,Smell,stentch,Smell,stench,0,0
D_JOL B 2,138,F,80,2514,Hygiene,clean,Hygiene,clean,100,1
D_JOL B 2,138,F,80,7942,Discussion,tlk,Discussion,talk,0,0
D_JOL B 2,138,B,80,1975,Take,seize,Take,seize,100,1
D_JOL B 2,138,B,80,6341,Plane,fly,Plane,pilot,0,0
D_JOL B 2,138,S,80,1813,Number,one,Number,amount,0,0
D_JOL B 2,138,S,80,2923,Grill,bar,Grill,bar,100,1
D_JOL B 2,130,F,80,3443,Chill,cold,Chill,cold,100,1
D_JOL B 2,138,F,80,7289,Chill,cold,Chill,cold,100,1
D_JOL B 2,138,B,80,4288,Best,favorite,Best,favorite,100,1
D_JOL B 2,138,B,80,3446,Fight,feud,Fight,brawl,0,0
D_JOL B 2,138,S,80,2796,Razor,cut,Razor,shave,0,0
D_JOL B 2,138,S,80,3960,Gone,away,Gone,away,100,1
D_JOL C 2,135,F,80,2078,Division,math,Division,math,100,1
D_JOL C 2,135,F,80,8580,Fantastic,fabulous,Fantastic,great,0,0
D_JOL C 2,135,F,80,1984,Pilot,plane,Pilot,plane,100,1
D_JOL C 2,135,B,80,2339,Cow,boy,Cow,herd,0,0
D_JOL C 2,135,S,80,3252,Cheese,stick,Cheese,wine,0,0
D_JOL C 2,135,S,80,3600,Toilet,bathroom,Toilet,bathroom,100,1
D_JOL C 2,135,S,80,2878,Future,past,Future,past,100,1
D_JOL C 2,135,U,80,1370,Clear,k,Clear,moat,0,0
D_JOL D 2,132,S,80,1108,Jury,trial,Jury,trial,100,1
D_JOL B 2,134,S,79,1490,Lettuce,salad,Lettuce,salad,100,1
D_JOL B 2,130,F,79,5620,Chop,cut,Chop,cut,100,1
D_JOL B 2,130,S,79,6896,Flea,dog,Flea,tick,0,0
D_JOL D 2,132,B,79,1857,Paper,document,Paper,document,100,1
D_JOL A 2,137,F,78,9513,Paw,dog,Paw,dog,100,1
D_JOL A 2,137,F,78,4604,Orchid,flower,Orchid,flower,100,1
D_JOL A 2,137,B,78,4463,Smell,stench,Smell,stench,100,1
D_JOL A 2,137,S,78,4432,Lettuce,salad,Lettuce,salad,100,1
D_JOL A 2,137,S,78,4975,Baby,child,Baby,child,100,1
D_JOL A 2,137,U,78,4228,Death,baed,Death,business,0,0
D_JOL A 2,137,U,78,3181,Hide,seek,Hide,sick,0,0
D_JOL A 2,133,S,78,2223,Dry,wet,Dry,wet,100,1
D_JOL A 2,133,U,78,2288,Main,side,Main,scar,0,0
D_JOL A 2,137,S,78,2486,Loud,noise,Loud,noise,100,1
D_JOL B 2,130,S,78,2505,Trial,jury,Trial,jury,100,1
D_JOL B 2,134,F,78,2687,Swan,bird,Swan,bird,100,1
D_JOL B 2,134,B,78,6284,Height,growth,Height,growth,100,1
D_JOL B 2,134,B,78,10243,Law,attorney,Law,attorney,100,1
D_JOL B 2,134,S,78,2679,Pop,soda,Pop,soda,100,1
D_JOL B 2,134,S,78,3017,Choice,decission,Choice,decision,0,0
D_JOL B 2,138,S,78,8981,Choice,decide,Choice,decision,0,0
D_JOL B 2,134,F,78,4515,Chill,cold,Chill,cold,100,1
D_JOL B 2,134,U,78,5130,Give,have,Give,steak,0,0
D_JOL D 2,132,F,78,7386,Famine,hunger,Famine,hunger,100,1
D_JOL D 2,132,S,78,26510,Wind,blow,Wind,blow,100,1
D_JOL D 2,132,F,78,3983,Truthful,honest,Truthful,honest,100,1
D_JOL A 2,137,U,77,4178,Lift,up,Lift,woman,0,0
D_JOL A 2,137,U,77,1785,Debate,sight,Debate,sight,100,1
D_JOL B 2,130,F,77,2504,Hornet,sting,Hornet,sting,100,1
D_JOL B 2,130,F,77,4163,Discussion,talk,Discussion,talk,100,1
D_JOL B 2,130,B,77,3080,Fire,hydernt,Fire,blaze,0,0
D_JOL B 2,138,B,77,882,Full,enough,Full,enough,100,1
D_JOL B 2,138,S,77,826,Blow,wind,Blow,wind,100,1
D_JOL B 2,130,F,77,3586,Incense,smell,Incense,smell,100,1
D_JOL B 2,134,S,77,2733,Wrist,bracelet,Wrist,bracelet,100,1
D_JOL D 2,132,F,77,4305,Panther,cat,Panther,cat,100,1
D_JOL A 2,137,B,76,3684,Math,division,Math,division,100,1
D_JOL A 2,137,S,76,3585,Kidney,liver,Kidney,liver,100,1
D_JOL A 2,137,S,76,5433,Pop,soda,Pop,soda,100,1
D_JOL A 2,137,U,76,4852,Machine,position,Machine,position,100,1
D_JOL A 2,137,U,76,5483,Strong,weak,Strong,accident,0,0
D_JOL A 2,133,F,76,3199,Driver,drive,Driver,car,0,0
D_JOL A 2,133,F,76,2841,Shears,sisscors,Shears,scissors,0,0
D_JOL A 2,133,S,76,3151,Razor,shred,Razor,shave,0,0
D_JOL A 2,133,U,76,2845,Moat,boat,Moat,clear,0,0
D_JOL B 2,134,F,76,2664,Discussion,talk,Discussion,talk,100,1
D_JOL B 2,134,B,76,5998,Hunger,famine,Hunger,famine,100,1
D_JOL B 2,130,F,76,2690,Furry,animals,Furry,dog,0,0
D_JOL B 2,134,B,76,2533,Pop,corn,Pop,soda,0,0
D_JOL D 2,132,S,76,3725,Bar,stool,Bar,grill,0,0
D_JOL A 2,133,S,75,10008,Baby,little,Baby,child,0,0
D_JOL B 2,134,B,75,1983,Work,chores,Work,chore,0,0
D_JOL B 2,138,F,75,4435,Revolution,war,Revolution,war,100,1
D_JOL B 2,130,F,75,3318,Driver,person,Driver,car,0,0
D_JOL B 2,134,B,75,1986,Car,winshield,Car,windshield,0,0
D_JOL B 2,134,U,75,4129,Vehicle,car,NA,NA,NA,0
D_JOL B 2,138,B,75,6478,Car,vehicle,Car,windshield,0,0
D_JOL B 2,138,S,75,3415,Element,carbon,Element,carbon,100,1
D_JOL C 2,131,U,75,5468,Would,not,Would,cash,0,0
D_JOL D 2,132,F,75,1785,Wasp,bug,Wasp,bug,100,1
D_JOL D 2,132,S,75,4700,Foot,shoe,Foot,shoe,100,1
D_JOL D 2,132,S,75,3103,Future,past,Future,past,100,1
D_JOL D 2,132,B,75,5991,Fight,feud,Fight,feud,100,1
D_JOL D 2,132,S,75,2642,Have,own,Have,own,100,1
D_JOL A 2,137,F,74,6593,Way,out,Way,out,100,1
D_JOL A 2,137,B,74,10962,Clothes,warm,Clothes,attire,0,0
D_JOL A 2,133,B,74,3266,Sleep,nap,Sleep,drowsy,0,0
D_JOL A 2,133,S,74,3304,Element,chemical,Element,carbon,0,0
D_JOL A 2,133,S,74,3891,Tantrum,cry,Tantrum,temper,0,0
D_JOL A 2,133,U,74,4321,Vehicle,car,NA,NA,NA,0
D_JOL B 2,130,B,74,8396,Fight,feud,Fight,brawl,0,0
D_JOL D 2,132,F,74,5461,Attire,clothes,Attire,clothes,100,1
D_JOL D 2,132,F,74,4512,Strawberry,fruit,Strawberry,fruit,100,1
D_JOL D 2,132,B,74,3312,Mystery,detective,Mystery,detective,100,1
D_JOL D 2,132,S,74,9467,Wax,candle,Wax,candle,100,1
D_JOL A 2,133,F,73,14863,Orchid,flower,Orchid,flower,100,1
D_JOL A 2,137,S,73,5759,Circle,round,Circle,round,100,1
D_JOL B 2,138,U,73,12606,Happy,child,Happy,car,0,0
D_JOL D 2,132,F,73,13932,Blaze,fire,Blaze,fire,100,1
D_JOL D 2,132,S,73,3769,Jar,mason,Jar,mason,100,1
D_JOL B 2,130,S,71,4911,Gone,away,Gone,away,100,1
D_JOL A 2,137,F,70,6910,Swan,cold,Swan,bird,0,0
D_JOL B 2,130,F,70,3553,Root,plant,Root,plant,100,1
D_JOL B 2,130,S,70,3396,Kidney,liver,Kidney,liver,100,1
D_JOL B 2,134,U,70,3400,Hide,sick,Hide,sick,100,1
D_JOL B 2,130,B,70,7765,Fish,water,Fish,sardine,0,0
D_JOL C 2,135,B,70,2122,Flower,beautiful,Flower,orchid,0,0
D_JOL C 2,135,S,70,3512,Amount,quantity,Amount,number,0,0
D_JOL C 2,135,S,70,3704,Site,j,Site,location,0,0
D_JOL C 2,135,S,70,4200,Jury,trial,Jury,trial,100,1
D_JOL C 2,135,S,70,3965,End,beginning,End,begin,0,0
D_JOL C 2,135,S,70,3558,Foot,ball,Foot,shoe,0,0
D_JOL C 2,135,S,70,5967,Child,adult,Child,baby,0,0
D_JOL C 2,131,U,70,9875,Fiction,book,Fiction,listen,0,0
D_JOL C 2,135,F,70,2538,Strawberry,fruitr,Strawberry,fruit,0,0
D_JOL C 2,135,F,70,2211,Nap,sleep,Nap,sleep,100,1
D_JOL C 2,135,S,70,2319,Equal,same,Equal,rights,0,0
D_JOL A 2,133,F,69,5481,Cherry,blossom,Cherry,red,0,0
D_JOL A 2,133,U,69,5216,Shell,sea,Shell,snake,0,0
D_JOL A 2,133,U,69,3162,Both,two,Both,ounce,0,0
D_JOL B 2,130,F,69,5888,Orchid,flower,Orchid,flower,100,1
D_JOL B 2,130,S,69,3365,Grill,bar,Grill,bar,100,1
D_JOL B 2,130,F,69,5232,Feud,beef,Feud,fight,0,0
D_JOL B 2,134,S,69,8744,Water,drink,Water,drink,100,1
D_JOL B 2,138,F,69,10004,Litter,trash,Litter,trash,100,1
D_JOL D 2,132,S,69,3254,Cheese,,Cheese,wine,NA,0
D_JOL A 2,137,B,68,4445,Height,growth,Height,growth,100,1
D_JOL A 2,137,S,68,2973,Flea,scratch,Flea,tick,0,0
D_JOL B 2,130,S,68,8387,Number,letter,Number,amount,0,0
D_JOL B 2,130,B,68,5240,Star,actress,Star,actress,100,1
D_JOL D 2,132,F,68,5372,Aircraft,plane,Aircraft,plane,100,1
D_JOL A 2,133,F,67,4088,Root,tree,Root,plant,0,0
D_JOL A 2,133,F,67,2837,Furry,friend,Furry,dog,0,0
D_JOL A 2,133,B,67,4357,Best,friend,Best,favorite,0,0
D_JOL A 2,133,B,67,6595,Glass,break,Glass,breakable,180,1
D_JOL A 2,137,F,67,4672,Chill,hot,Chill,cold,0,0
D_JOL A 2,137,B,67,3709,Bad,smell,Bad,villain,0,0
D_JOL A 2,137,B,67,3189,Pop,up,Pop,soda,0,0
D_JOL A 2,137,B,67,2210,Money,monkey,Money,banker,0,0
D_JOL A 2,137,S,67,3493,Tantrum,fight,Tantrum,temper,0,0
D_JOL B 2,130,B,67,4521,Drink,sip,Drink,sip,100,1
D_JOL B 2,138,U,67,3870,Pusher,atcher,Pusher,clutter,0,0
D_JOL B 2,130,S,67,5904,Alone,lonley,Alone,lonely,0,0
D_JOL B 2,134,F,67,3820,Furry,dog,Furry,dog,100,1
D_JOL B 2,134,B,67,2838,Bad,hard,Bad,villain,0,0
D_JOL B 2,134,S,67,2756,Safety,seatbelt,Safety,seatbelt,100,1
D_JOL B 2,134,U,67,3823,Stretch,stripe,Stretch,cloth,0,0
D_JOL D 2,132,B,67,2489,News,editor,News,editor,100,1
D_JOL D 2,132,B,67,3086,Flower,orchid,Flower,orchid,100,1
D_JOL D 2,132,S,67,8328,Assignment,due,Assignment,due,100,1
D_JOL D 2,132,S,67,3004,Site,location,Site,location,100,1
D_JOL D 2,132,S,67,20244,End,begin,End,begin,100,1
D_JOL D 2,132,U,67,2267,Hungry,food,Hungry,park,0,0
D_JOL D 2,132,B,67,3710,Plant,cactus,Plant,root,0,0
D_JOL D 2,132,S,66,3169,Wet,dry,Wet,dry,100,1
D_JOL A 2,137,B,65,3497,Drink,water,Drink,sip,0,0
D_JOL A 2,137,B,65,5924,Great,fantastic,Great,fantastic,100,1
D_JOL A 2,137,B,65,4721,Hot,chilli,Hot,chili,0,0
D_JOL A 2,137,B,65,2873,Work,place,Work,chore,0,0
D_JOL A 2,137,B,65,4213,Hunger,famine,Hunger,famine,100,1
D_JOL A 2,137,B,65,3017,Fire,blaze,Fire,blaze,100,1
D_JOL A 2,133,B,65,12573,Dead,alive,Dead,coffin,0,0
D_JOL A 2,133,S,65,2831,Sun,moon,Sun,tan,0,0
D_JOL B 2,130,S,65,3338,Location,sit,Location,site,133.3333333,1
D_JOL B 2,130,U,65,2230,Park,play,Park,hungry,0,0
D_JOL B 2,134,F,65,2344,Way,out,Way,out,100,1
D_JOL B 2,134,B,65,2198,Fire,blaze,Fire,blaze,100,1
D_JOL B 2,134,S,65,2973,Baby,child,Baby,child,100,1
D_JOL B 2,130,S,65,6480,Loud,hear,Loud,noise,0,0
D_JOL B 2,138,F,65,5539,Driver,car,Driver,car,100,1
D_JOL C 2,131,U,65,7814,Charm,show,Charm,vehicle,0,0
D_JOL D 2,132,F,65,4851,Stench,smell,Stench,smell,100,1
D_JOL D 2,132,B,65,3373,Hammer,chisel,Hammer,chisel,100,1
D_JOL D 2,132,S,65,9843,Liver,kidney,Liver,kidney,100,1
D_JOL A 2,137,F,64,3558,Discussion,talk,Discussion,talk,100,1
D_JOL A 2,137,S,64,7906,Trial,jury,Trial,jury,100,1
D_JOL D 2,132,S,64,4722,Round,circle,Round,circle,100,1
D_JOL D 2,132,F,64,6989,Breakable,glass,Breakable,glass,100,1
D_JOL D 2,132,B,64,3871,Head,heel,Head,scalp,0,0
D_JOL B 2,130,S,63,5262,Phone,communication,Phone,communication,100,1
D_JOL D 2,132,F,63,2523,Drowsy,sleep,Drowsy,sleep,100,1
D_JOL D 2,132,F,63,12524,League,baseball,League,baseball,100,1
D_JOL D 2,132,B,63,3164,Trash,litter,Trash,litter,100,1
D_JOL D 2,132,S,63,3042,Reel,rod,Reel,rod,100,1
D_JOL D 2,132,F,62,2949,Fantastic,great,Fantastic,great,100,1
D_JOL D 2,132,F,62,3970,Chore,work,Chore,work,100,1
D_JOL A 2,137,F,61,5085,Bitter,cold,Bitter,cold,100,1
D_JOL D 2,132,S,61,15232,Away,gone,Away,gone,100,1
D_JOL B 2,130,B,60,2836,Dark,night,Dark,cave,0,0
D_JOL B 2,130,B,60,4284,Bug,spray,Bug,wasp,0,0
D_JOL B 2,130,S,60,3730,Circle,round,Circle,round,100,1
D_JOL B 2,130,U,60,1298,King,arthurs,King,vase,0,0
D_JOL B 2,138,S,60,3614,Architecture,buidling,Architecture,design,0,0
D_JOL B 2,138,U,60,8565,Strong,accident,Strong,accident,100,1
D_JOL B 2,130,B,60,5133,Bad,evil,Bad,villain,0,0
D_JOL B 2,130,B,60,3942,Pop,popcorn,Pop,soda,0,0
D_JOL B 2,130,B,60,2997,Money,banker,Money,banker,100,1
D_JOL B 2,130,U,60,2843,Meat,moat,Meat,obtain,0,0
D_JOL B 2,138,S,60,3692,Mason,jar,Mason,jar,100,1
D_JOL B 2,138,S,60,2512,Own,have,Own,have,100,1
D_JOL B 2,138,U,60,5132,Mirror,child,Mirror,children,160,1
D_JOL C 2,135,F,60,1688,Word,sentence,Word,sentence,100,1
D_JOL C 2,135,B,60,3205,Stomach,digestion,Stomach,digestion,100,1
D_JOL C 2,135,B,60,2352,Bird,sing,Bird,swan,0,0
D_JOL C 2,135,B,60,3523,Dog,cat,Dog,paw,0,0
D_JOL C 2,135,S,60,5332,Salad,green,Salad,lettuce,0,0
D_JOL C 2,135,F,60,3245,Balloon,ball,Balloon,pop,0,0
D_JOL C 2,135,F,60,2681,Panther,cat,Panther,cat,100,1
D_JOL C 2,135,F,60,3425,Banker,money,Banker,money,100,1
D_JOL C 2,135,B,60,1142,Tie,belt,Tie,shoelace,0,0
D_JOL C 2,135,B,60,2931,Head,ache,Head,scalp,0,0
D_JOL C 2,135,B,60,2201,Cut,sicssors,Cut,chop,0,0
D_JOL C 2,135,S,60,2620,Away,far,Away,gone,0,0
D_JOL C 2,135,S,60,1300,Drink,sip,Drink,water,0,0
D_JOL C 2,135,S,60,5437,Have,been,Have,own,0,0
D_JOL A 2,137,B,59,4606,Dark,cave,Dark,cave,100,1
D_JOL A 2,133,U,59,3364,Justice,law,Justice,maroon,0,0
D_JOL B 2,130,B,59,4871,Sleep,nap,Sleep,drowsy,0,0
D_JOL B 2,130,B,59,4889,Thread,sew,Thread,thimble,0,0
D_JOL D 2,132,B,59,4319,Rock,geology,Rock,geology,100,1
D_JOL A 2,137,S,58,4234,Bathroom,toilet,Bathroom,toilet,100,1
D_JOL D 2,132,B,58,3019,Bad,news,Bad,delinquent,0,0
D_JOL D 2,132,B,58,2486,Water,wet,Water,bridge,0,0
D_JOL A 2,133,B,57,3670,Fight,feud,Fight,brawl,0,0
D_JOL D 2,132,B,57,3742,Stomach,digestion,Stomach,digestion,100,1
D_JOL D 2,132,U,57,3727,Sick,hide,Sick,hide,100,1
D_JOL A 2,133,U,56,3769,Death,end,Death,business,0,0
D_JOL A 2,137,U,56,2839,Valley,adds,Valley,add,0,0
D_JOL A 2,133,F,56,2051,Incense,smell,Incense,smell,100,1
D_JOL A 2,133,U,56,4012,Give,take,Give,steak,0,0
D_JOL B 2,130,F,56,2847,Geology,rock,Geology,rock,100,1
D_JOL B 2,134,F,56,2739,Hornet,sting,Hornet,sting,100,1
D_JOL B 2,134,U,56,3960,Debate,talk,Debate,sight,0,0
D_JOL B 2,138,S,56,2676,Location,place,Location,site,0,0
D_JOL B 2,138,U,56,1169,King,men,King,vase,0,0
D_JOL B 2,130,B,56,3674,Glass,breakable,Glass,breakable,100,1
D_JOL B 2,134,S,56,3016,Mason,ke,Mason,jar,0,0
D_JOL B 2,134,U,56,2945,Loan,banker,Loan,sign,0,0
D_JOL B 2,134,U,56,3543,Both,ounce,Both,ounce,100,1
D_JOL D 2,132,B,56,2223,Money,banker,Money,wage,0,0
D_JOL A 2,137,U,55,3652,Happy,fun,Happy,car,0,0
D_JOL B 2,130,U,55,3368,Soon,after,Soon,belt,0,0
D_JOL B 2,134,B,55,3629,Full,hungry,Full,enough,0,0
D_JOL B 2,134,B,55,2230,Drink,sip,Drink,sip,100,1
D_JOL B 2,130,S,55,3417,Element,carbon,Element,carbon,100,1
D_JOL B 2,134,F,55,2839,Driver,car,Driver,car,100,1
D_JOL B 2,134,U,55,2189,Meat,steak,Meat,obtain,0,0
D_JOL B 2,138,B,55,5505,Cat,dog,Cat,panther,0,0
D_JOL A 2,137,F,54,2984,Hornet,sting,Hornet,sting,100,1
D_JOL A 2,133,F,54,3680,Scalp,head,Scalp,head,100,1
D_JOL A 2,137,B,54,2905,Star,studded,Star,actress,0,0
D_JOL B 2,134,B,54,3764,Clothes,attire,Clothes,attire,100,1
D_JOL B 2,130,B,54,14385,Bird,peacock,Bird,penguin,0,0
D_JOL B 2,130,B,54,3461,Plane,sky,Plane,pilot,0,0
D_JOL D 2,132,B,54,6989,Talk,phone,Talk,discussion,0,0
D_JOL D 2,132,F,54,4441,Brawl,fight,Brawl,fight,100,1
D_JOL D 2,132,B,54,3471,Car,driver,Car,happy,0,0
D_JOL D 2,132,S,54,7658,Bracelet,wrist,Bracelet,wrist,100,1
D_JOL A 2,133,S,53,2256,Phone,number,Phone,communication,0,0
D_JOL B 2,130,B,53,6350,Sentence,words,Sentence,word,0,0
D_JOL B 2,130,U,53,3984,Fix,hand,Fix,hand,100,1
D_JOL D 2,132,B,53,6023,Bird,penguin,Bird,swan,0,0
D_JOL B 2,138,F,51,2766,Scalp,head,Scalp,head,100,1
D_JOL D 2,132,B,51,5525,Donkey,mule,Donkey,mule,100,1
D_JOL D 2,132,B,51,2692,Eat,dine,Eat,dine,100,1
D_JOL A 2,137,B,50,3875,Bug,wasp,Bug,wasp,100,1
D_JOL B 2,130,F,50,4606,Way,up,Way,out,0,0
D_JOL B 2,130,B,50,5105,Height,growth,Height,growth,100,1
D_JOL B 2,134,S,50,2857,Blow,wind,Blow,wind,100,1
D_JOL B 2,138,U,50,5243,Lift,woman,Lift,woman,100,1
D_JOL B 2,130,B,50,4744,Car,windshield,Car,windshield,100,1
D_JOL B 2,130,B,50,3082,Fruit,strawberry,Fruit,strawberry,100,1
D_JOL B 2,130,S,50,5408,Earth,ground,Earth,ground,100,1
D_JOL B 2,134,B,50,2001,Cat,panther,Cat,panther,100,1
D_JOL B 2,138,F,50,3915,Mule,mot,Mule,donkey,0,0
D_JOL B 2,138,B,50,6133,Glass,breakable,Glass,breakable,100,1
D_JOL C 2,131,F,50,4176,Attire,clothes,Attire,clothes,100,1
D_JOL C 2,135,F,50,2983,Attorney,law,Attorney,law,100,1
D_JOL C 2,135,B,50,2121,Talk,word,Talk,discussion,0,0
D_JOL C 2,131,S,50,4707,Temper,tantrum,Temper,tantrum,100,1
D_JOL C 2,135,F,50,1989,Favorite,best,Favorite,best,100,1
D_JOL C 2,135,B,50,1493,Game,over,Game,clue,0,0
D_JOL C 2,135,B,50,1526,Love,hate,Love,affection,0,0
D_JOL C 2,135,S,50,1209,Wax,mechine,Wax,candle,0,0
D_JOL C 2,135,S,50,3268,Bracelet,wrist,Bracelet,wrist,100,1
D_JOL C 2,135,S,50,3703,Lie,truth,Lie,truth,100,1
D_JOL C 2,135,U,50,2639,Obtain,food,Obtain,meat,0,0
D_JOL C 2,135,U,50,2460,Clothes,dry,NA,NA,NA,0
D_JOL C 2,135,U,50,2180,Morning,late,Morning,temperature,0,0
D_JOL C 2,135,U,50,1203,Children,adultr,Children,mirror,0,0
D_JOL D 2,132,U,50,4005,Car,windsheild,Car,happy,0,0
D_JOL D 2,132,U,50,2821,Obtain,meat,Obtain,meat,100,1
D_JOL D 2,132,F,49,3767,Racket,ball,Racket,ball,100,1
D_JOL D 2,132,B,49,13819,War,revolution,War,revolution,100,1
D_JOL D 2,132,B,49,3304,Card,credit,Card,credit,100,1
D_JOL D 2,132,S,49,4893,Ground,earth,Ground,earth,100,1
D_JOL A 2,133,U,47,8012,King,prince,King,vase,0,0
D_JOL D 2,132,F,47,4178,Balloon,pop,Balloon,pop,100,1
D_JOL A 2,137,U,46,4697,King,queen,King,vase,0,0
D_JOL B 2,130,U,46,3863,Both,together,Both,ounce,0,0
D_JOL D 2,132,S,46,2919,Shave,razor,Shave,razor,100,1
D_JOL A 2,133,U,45,6907,Lift,height,Lift,woman,0,0
D_JOL A 2,137,B,45,2839,Plane,pilot,Plane,pilot,100,1
D_JOL A 2,137,S,45,9365,Grill,bar,Grill,bar,100,1
D_JOL A 2,137,S,45,7452,Choice,choose,Choice,decision,0,0
D_JOL A 2,133,B,45,3043,Thread,weave,Thread,thimble,0,0
D_JOL A 2,137,F,45,3926,Cherry,red,Cherry,red,100,1
D_JOL A 2,137,B,45,3634,Fight,brawl,Fight,brawl,100,1
D_JOL B 2,134,B,45,1890,Plane,pilot,Plane,pilot,100,1
D_JOL B 2,134,S,45,2409,Dump,waste,Dump,waste,100,1
D_JOL B 2,138,B,45,6994,Fire,burn,Fire,blaze,0,0
D_JOL B 2,130,F,45,3752,Document,paper,Document,paper,100,1
D_JOL B 2,134,B,45,5168,Thread,thimble,Thread,thimble,100,1
D_JOL B 2,138,U,45,2335,Justice,fair,Justice,maroon,0,0
D_JOL D 2,132,B,45,5365,Cold,wet,Cold,bitter,0,0
D_JOL D 2,132,B,45,19235,Tie,shoelace,Tie,shoelace,100,1
D_JOL D 2,132,B,45,3837,Cold,chill,Cold,bitter,0,0
D_JOL A 2,133,U,44,4200,Mirror,sellf,Mirror,children,0,0
D_JOL A 2,137,F,44,5507,Incense,smell,Incense,smell,100,1
D_JOL D 2,132,U,44,5149,Sign,loan,Sign,loan,100,1
D_JOL A 2,133,S,43,2335,Truth,honest,Truth,lie,0,0
D_JOL B 2,134,B,43,2842,Great,acceptional,Great,fantastic,0,0
D_JOL D 2,132,F,43,5240,Favorite,best,Favorite,best,100,1
D_JOL D 2,132,B,43,3869,End,adjourn,End,begin,0,0
D_JOL D 2,132,B,42,3077,Long,extension,Long,extension,100,1
D_JOL D 2,132,S,42,6978,Communication,phone,Communication,phone,100,1
D_JOL D 2,132,U,41,3985,Woman,lift,Woman,lift,100,1
D_JOL D 2,132,B,41,4004,Cut,chop,Cut,chop,100,1
D_JOL A 2,137,S,40,6919,Shoe,foot,Shoe,foot,100,1
D_JOL A 2,133,B,40,2457,Cat,paw,Cat,panther,0,0
D_JOL B 2,130,F,40,3592,Herd,cows,Herd,cow,0,0
D_JOL B 2,130,B,40,3586,Hot,stemmy,Hot,chili,0,0
D_JOL B 2,130,S,40,7723,Wrist,braclet,Wrist,bracelet,0,0
D_JOL B 2,130,U,40,3138,Mirror,children,Mirror,children,100,1
D_JOL B 2,138,U,40,2443,Keys,joke,Keys,joke,100,1
D_JOL C 2,135,F,40,3789,Wasp,bug,Wasp,bug,100,1
D_JOL C 2,135,B,40,1762,Hammer,j,Hammer,chisel,0,0
D_JOL C 2,135,B,40,2365,Plant,growth,Plant,root,0,0
D_JOL C 2,135,S,40,2118,Waste,money,Waste,dump,0,0
D_JOL C 2,135,S,40,3721,Liver,kidney,Liver,kidney,100,1
D_JOL C 2,135,S,40,2837,Wind,blow,Wind,blow,100,1
D_JOL C 2,135,S,40,2742,Decision,choice,Decision,choice,100,1
D_JOL C 2,135,S,40,5005,Round,circle,Round,circle,100,1
D_JOL C 2,135,U,40,5973,Hungry,food,Hungry,park,0,0
D_JOL C 2,135,U,40,3768,Belt,pant,Belt,soon,0,0
D_JOL C 2,135,U,40,2749,Bronze,metal,Bronze,artery,0,0
D_JOL C 2,135,U,40,2591,Accident,traumatic,Accident,strong,0,0
D_JOL C 2,135,U,40,3131,Riddle,j,Riddle,sugar,0,0
D_JOL C 2,135,U,40,4171,Sick,good,Sick,hide,0,0
D_JOL C 2,135,F,40,2461,Breakable,glass,Breakable,glass,100,1
D_JOL C 2,135,F,40,1685,Coffin,dead,Coffin,dead,100,1
D_JOL C 2,135,B,40,2387,Long,,Long,extension,NA,0
D_JOL C 2,135,B,40,1367,Trash,can,Trash,litter,0,0
D_JOL C 2,135,B,40,1908,Donkey,mule,Donkey,mule,100,1
D_JOL C 2,135,B,40,5878,Scissors,cut,Scissors,shears,0,0
D_JOL C 2,135,S,40,4010,Ground,j,Ground,earth,0,0
D_JOL C 2,135,S,40,2096,Lonely,alone,Lonely,alone,100,1
D_JOL C 2,135,S,40,1753,Noise,loud,Noise,loud,100,1
D_JOL C 2,135,U,40,3383,Main,best,Main,scar,0,0
D_JOL B 2,130,S,39,3072,Shoe,lace,Shoe,foot,0,0
D_JOL A 2,137,U,38,5628,Park,state,Park,hungry,0,0
D_JOL D 2,132,S,38,3486,Lonely,alone,Lonely,alone,100,1
D_JOL A 2,137,B,37,3906,Law,crime,Law,attorney,0,0
D_JOL D 2,132,S,37,4141,Waste,dump,Waste,dump,100,1
D_JOL D 2,132,U,37,3289,Maroon,justice,Maroon,justice,100,1
D_JOL A 2,137,F,36,8488,Root,tree,Root,plant,0,0
D_JOL D 2,132,U,36,2610,Belt,soon,Belt,soon,100,1
D_JOL A 2,137,S,35,5869,Blow,wind,Blow,wind,100,1
D_JOL A 2,137,B,35,4409,Sleep,awake,Sleep,drowsy,0,0
D_JOL B 2,134,B,35,1748,Take,have,Take,seize,0,0
D_JOL B 2,134,B,35,14459,Hot,chilli,Hot,chili,0,0
D_JOL B 2,134,U,35,1837,Valley,hill,Valley,add,0,0
D_JOL B 2,130,U,35,7426,Crackle,pop,Crackle,able,0,0
D_JOL B 2,134,B,35,3390,Bird,brain,Bird,penguin,0,0
D_JOL B 2,134,U,35,7259,Maze,runner,Maze,election,0,0
D_JOL B 2,134,U,35,5184,Crackle,crack,Crackle,able,0,0
D_JOL C 2,131,U,35,10528,Clutter,space,Clutter,pusher,0,0
D_JOL C 2,131,U,35,5017,Ounce,measur,Ounce,both,0,0
D_JOL D 2,132,U,35,9696,Accident,happy,Accident,strong,0,0
D_JOL D 2,132,F,35,3151,Sardine,fish,Sardine,fish,100,1
D_JOL A 2,133,S,34,11613,Wine,cheese,Wine,cheese,100,1
D_JOL A 2,133,F,34,4102,Document,write,Document,paper,0,0
D_JOL A 2,133,B,34,2975,Car,door,Car,windshield,0,0
D_JOL A 2,133,S,34,3674,Gone,leave,Gone,away,0,0
D_JOL A 2,137,F,34,6428,Litter,waste,Litter,trash,0,0
D_JOL A 2,137,B,34,5565,Cat,panther,Cat,panther,100,1
D_JOL A 2,137,S,34,2723,Gone,ran,Gone,away,0,0
D_JOL B 2,130,B,34,4341,Key,latch,Key,latch,100,1
D_JOL B 2,130,U,34,2411,Art,lion,Art,lion,100,1
D_JOL B 2,138,U,34,3854,Discover,road,Discover,floor,0,0
D_JOL B 2,130,U,34,3290,Temperature,morning,Temperature,morning,100,1
D_JOL D 2,132,U,34,2875,Add,valley,Add,valley,100,1
D_JOL A 2,133,B,33,2323,Baseball,bat,Baseball,league,0,0
D_JOL B 2,134,F,33,1460,Herd,cow,Herd,cow,100,1
D_JOL B 2,134,U,33,2189,Allow,have,Allow,tuck,0,0
D_JOL B 2,134,U,33,2192,Strong,hard,Strong,accident,0,0
D_JOL B 2,130,U,32,3710,Give,recieve,Give,steak,0,0
D_JOL D 2,132,B,32,3388,Sting,hornet,Sting,hornet,100,1
D_JOL D 2,132,U,32,2162,Tuck,roll,Tuck,allow,0,0
D_JOL D 2,132,F,31,3309,Latch,keys,Latch,key,0,0
D_JOL D 2,132,B,31,3782,Dog,paw,Dog,paw,100,1
D_JOL D 2,132,B,31,1796,Fish,tuna,Fish,tuna,100,1
D_JOL D 2,132,U,31,3506,Clothes,blouse,NA,NA,NA,0
D_JOL A 2,137,U,30,14179,Fix,net,Fix,hand,0,0
D_JOL A 2,137,S,30,3666,Safety,belt,Safety,seatbelt,200,0
D_JOL B 2,130,U,30,3639,Hide,seek,Hide,sick,0,0
D_JOL B 2,134,F,30,1796,Bitter,sweet,Bitter,cold,0,0
D_JOL B 2,130,U,30,3218,Vehicle,car,NA,NA,NA,0
D_JOL B 2,130,U,30,4727,Shell,turtle,Shell,snake,0,0
D_JOL B 2,134,U,30,2582,Listen,hear,Listen,fiction,0,0
D_JOL B 2,138,U,30,16220,Name,hate,Name,hate,100,1
D_JOL C 2,135,F,30,3489,Chore,work,Chore,work,100,1
D_JOL C 2,135,F,30,10280,Famine,j,Famine,hunger,0,0
D_JOL C 2,135,F,30,3891,Drowsy,sleepy,Drowsy,sleep,0,0
D_JOL C 2,135,B,30,3094,Bad,good,Bad,delinquent,0,0
D_JOL C 2,135,B,30,1545,Sting,j,Sting,hornet,0,0
D_JOL C 2,135,B,30,2067,Cold,brezze,Cold,bitter,0,0
D_JOL C 2,135,B,30,4284,Out,in,Out,way,0,0
D_JOL C 2,135,B,30,2339,Clean,dirty,Clean,hygiene,0,0
D_JOL C 2,135,B,30,2562,War,dissaster,War,revolution,0,0
D_JOL C 2,135,S,30,3473,Bar,grill,Bar,grill,100,1
D_JOL C 2,135,S,30,1433,Soda,bar,Soda,pop,0,0
D_JOL C 2,135,U,30,1789,Clutter,hair,Clutter,pusher,0,0
D_JOL C 2,135,U,30,3568,Floor,distance,Floor,discover,0,0
D_JOL C 2,135,U,30,3314,Sight,see,Sight,debate,0,0
D_JOL C 2,135,U,30,4572,Hand,ful,Hand,fix,0,0
D_JOL C 2,135,U,30,3295,Position,rol,Position,machine,0,0
D_JOL C 2,135,U,30,1339,Add,enough,Add,valley,0,0
D_JOL C 2,135,F,30,1703,Aircraft,airplane,Aircraft,plane,0,0
D_JOL C 2,135,B,30,3377,End,star,End,begin,0,0
D_JOL C 2,135,B,30,2656,Red,cherry,Red,cherry,100,1
D_JOL C 2,135,B,30,2549,Smell,bad,Smell,incense,0,0
D_JOL C 2,135,B,30,2762,Fight,pain,Fight,feud,0,0
D_JOL C 2,135,U,30,1436,Shake,j,Shake,shell,0,0
D_JOL C 2,135,U,30,4045,Fiction,movie,Fiction,listen,0,0
D_JOL C 2,135,U,30,3400,Bang,tung,Bang,fuzzy,0,0
D_JOL C 2,135,U,30,6824,Toil,bath,Toil,lease,0,0
D_JOL C 2,135,U,30,1916,Ounce,pound,Ounce,both,0,0
D_JOL A 2,137,S,29,4544,Dump,waste,Dump,waste,100,1
D_JOL D 2,132,U,29,11677,Shake,shell,Shake,shell,100,1
D_JOL D 2,132,S,28,12260,Tick,flea,Tick,flea,100,1
D_JOL A 2,133,U,27,6980,Machine,bus,Machine,position,0,0
D_JOL A 2,133,B,26,5990,Math,test,Math,division,0,0
D_JOL B 2,130,S,26,1630,Choice,destination,Choice,decision,0,0
D_JOL D 2,132,U,26,6281,Morning,temperature,Morning,temperature,100,1
D_JOL A 2,137,S,25,3801,Candle,holder,Candle,wax,0,0
D_JOL B 2,130,U,25,4135,Lease,rent,Lease,toil,0,0
D_JOL B 2,134,B,25,3498,Fish,plate,Fish,sardine,0,0
D_JOL B 2,134,U,25,7051,Temperature,morning,Temperature,morning,100,1
D_JOL B 2,138,S,25,5355,Flea,fly,Flea,tick,0,0
D_JOL B 2,138,U,25,4188,Listen,fiction,Listen,fiction,100,1
D_JOL C 2,131,U,25,4038,Floor,door,Floor,discover,0,0
D_JOL D 2,132,B,25,8935,Plant,pot,Plant,root,0,0
D_JOL A 2,137,B,24,2998,Plane,aircraft,Plane,pilot,0,0
D_JOL D 2,132,U,24,1943,Business,destruction,Business,death,0,0
D_JOL D 2,132,U,24,7187,Able,obtain,Able,crackle,0,0
D_JOL A 2,133,B,23,11598,Fire,wood,Fire,blaze,0,0
D_JOL A 2,133,U,23,5980,Debate,talk,Debate,sight,0,0
D_JOL A 2,133,F,23,3896,Chop,cut,Chop,cut,100,1
D_JOL A 2,133,U,23,5081,Fuzzy,soft,Fuzzy,bang,0,0
D_JOL A 2,137,U,23,5671,Main,road,Main,scar,0,0
D_JOL B 2,130,U,23,1820,Death,coffin,Death,business,0,0
D_JOL C 2,135,U,23,2858,Sacking,j,Sacking,dietary,0,0
D_JOL C 2,131,B,23,4675,Game,show,Game,clue,0,0
D_JOL D 2,132,U,23,4221,Hand,held,Hand,fix,0,0
D_JOL D 2,132,U,23,2461,Lion,art,Lion,art,100,1
D_JOL D 2,132,U,23,3394,Vase,king,Vase,king,100,1
D_JOL D 2,132,B,23,21989,Red,cherry,Red,cherry,100,1
D_JOL D 2,132,B,23,3748,Smell,sniff,Smell,incense,0,0
D_JOL D 2,132,U,23,2922,Children,young,Children,mirror,0,0
D_JOL A 2,133,S,22,9009,Earth,round,Earth,ground,120,1
D_JOL A 2,137,S,22,4411,Earth,ground,Earth,ground,100,1
D_JOL B 2,138,S,22,2879,Tantrum,temper,Tantrum,temper,100,1
D_JOL B 2,138,U,22,2303,Cake,yum,Cake,clothes,0,0
D_JOL D 2,132,U,22,2719,Toil,soil,Toil,lease,0,0
D_JOL D 2,132,U,22,3075,Ounce,both,Ounce,both,100,1
D_JOL A 2,137,F,21,3686,Document,paper,Document,paper,100,1
D_JOL B 2,130,U,21,5354,Justice,even,Justice,maroon,0,0
D_JOL D 2,132,U,21,2090,Sight,hearing,Sight,debate,0,0
D_JOL D 2,132,F,21,4571,Thimble,thread,Thimble,thread,100,1
D_JOL D 2,132,U,21,7210,Bang,juice,Bang,fuzzy,0,0
D_JOL A 2,137,S,20,8544,Location,address,Location,site,0,0
D_JOL A 2,137,S,20,4319,Architecture,design,Architecture,design,100,1
D_JOL A 2,137,U,20,5715,Allow,not,Allow,tuck,0,0
D_JOL A 2,133,B,20,3785,Bird,bee,Bird,penguin,0,0
D_JOL B 2,130,U,20,5124,Lift,woman,Lift,woman,100,1
D_JOL B 2,134,B,20,1958,Key,lock,Key,latch,0,0
D_JOL B 2,134,U,20,2187,Park,hungry,Park,hungry,100,1
D_JOL B 2,130,B,20,4791,Turn,around,Turn,flip,0,0
D_JOL B 2,130,U,20,5189,Stretch,arms,Stretch,cloth,0,0
D_JOL B 2,134,U,20,2616,Moat,chocolate,Moat,clear,0,0
D_JOL C 2,135,F,20,3875,Stench,j,Stench,smell,0,0
D_JOL C 2,135,F,20,2269,Attire,j,Attire,clothes,0,0
D_JOL C 2,135,F,20,1187,Blaze,j,Blaze,fire,0,0
D_JOL C 2,135,B,20,4696,Water,sea,Water,bridge,0,0
D_JOL C 2,135,B,20,2726,Card,credit,Card,credit,100,1
D_JOL C 2,135,S,20,3230,Assignment,due,Assignment,due,100,1
D_JOL C 2,135,U,20,7538,Business,work,Business,death,0,0
D_JOL C 2,135,U,20,3059,Car,weel,Car,happy,0,0
D_JOL C 2,131,B,20,3821,Red,wine,Red,cherry,0,0
D_JOL C 2,135,B,20,4525,Plant,growth,Plant,root,0,0
D_JOL C 2,135,B,20,1626,Dog,cat,Dog,paw,0,0
D_JOL C 2,135,B,20,2993,Car,drive,Car,happy,0,0
D_JOL C 2,135,B,20,1291,Paper,back,Paper,document,0,0
D_JOL C 2,135,S,20,14916,Carbon,element,Carbon,element,100,1
D_JOL C 2,135,S,20,2470,Wet,dry,Wet,dry,100,1
D_JOL C 2,135,S,20,2135,Communication,phone,Communication,phone,100,1
D_JOL C 2,135,S,20,3324,Reel,j,Reel,rod,0,0
D_JOL C 2,135,S,20,1744,Tick,k,Tick,flea,0,0
D_JOL C 2,135,S,20,2038,Temper,tantrum,Temper,tantrum,100,1
D_JOL C 2,135,U,20,2506,Tan,sun,Tan,sun,100,1
D_JOL C 2,135,U,20,2594,Maroon,i,Maroon,justice,700,0
D_JOL C 2,135,U,20,1832,Steak,h,Steak,give,0,0
D_JOL C 2,135,U,20,1992,Election,vote,Election,maze,0,0
D_JOL C 2,135,U,20,4612,Joke,j,Joke,keys,0,0
D_JOL C 2,135,U,20,2505,Sign,letters,Sign,loan,0,0
D_JOL A 2,137,F,19,6099,Geology,rock,Geology,rock,100,1
D_JOL D 2,132,U,19,1539,Clutter,place,Clutter,pusher,0,0
D_JOL A 2,137,B,18,3187,Key,latch,Key,latch,100,1
D_JOL A 2,137,B,18,5318,Baseball,bat,Baseball,league,0,0
D_JOL A 2,137,S,18,3378,Alone,lonely,Alone,lonely,100,1
D_JOL A 2,137,S,18,5667,Truth,lies,Truth,lie,0,0
D_JOL B 2,134,F,18,2764,Geology,rock,Geology,rock,100,1
D_JOL D 2,132,U,18,5797,Floor,discover,Floor,discover,100,1
D_JOL B 2,134,B,17,3518,Ball,racket,Ball,racket,100,1
D_JOL A 2,137,S,16,3214,Rights,equal,Rights,equal,100,1
D_JOL A 2,137,S,16,6152,Wrist,watch,Wrist,bracelet,0,0
D_JOL B 2,138,U,16,2290,Maze,loan,Maze,election,0,0
D_JOL D 2,132,U,16,4959,Main,scar,Main,scar,100,1
D_JOL A 2,137,U,15,3411,Pusher,clutter,Pusher,clutter,100,1
D_JOL A 2,137,U,15,1875,Name,caste,Name,hate,0,0
D_JOL B 2,130,U,15,3650,Cash,machine,Cash,would,0,0
D_JOL B 2,138,U,15,1693,Debate,discuss,Debate,sight,0,0
D_JOL B 2,130,U,15,3640,Name,first,Name,hate,0,0
D_JOL B 2,138,U,15,5878,Moat,obtain,Moat,clear,0,0
D_JOL C 2,131,B,15,5067,War,battl,War,revolution,0,0
D_JOL C 2,131,U,15,5378,Position,job,Position,machine,0,0
D_JOL A 2,133,U,14,12951,Art,museum,Art,lion,0,0
D_JOL A 2,133,B,14,6090,Fruit,salad,Fruit,strawberry,0,0
D_JOL A 2,137,F,14,4449,Shears,scissors,Shears,scissors,100,1
D_JOL B 2,138,U,14,1945,Artery,veins,Artery,bronze,0,0
D_JOL D 2,132,U,14,7876,Charm,chest,Charm,vehicle,0,0
D_JOL D 2,132,U,14,7719,Fiction,listen,Fiction,listen,100,1
D_JOL A 2,137,F,13,2780,Revolution,change,Revolution,war,0,0
D_JOL A 2,137,S,13,4534,Wine,cheese,Wine,cheese,100,1
D_JOL A 2,137,F,13,5187,Adjourn,join,Adjourn,end,0,0
D_JOL A 2,137,B,13,5926,Turn,table,Turn,flip,0,0
D_JOL A 2,137,B,13,5897,Fish,sardines,Fish,sardine,0,0
D_JOL B 2,134,U,13,8246,Art,lion,Art,lion,100,1
D_JOL B 2,134,U,13,2333,King,vase,King,vase,100,1
D_JOL B 2,130,U,13,2708,Maze,runner,Maze,election,0,0
D_JOL B 2,134,U,13,2241,Justice,peace,Justice,maroon,0,0
D_JOL B 2,138,F,13,1595,Incense,hi,Incense,smell,0,0
D_JOL B 2,138,B,13,1694,Thread,long,Thread,thimble,0,0
D_JOL B 2,138,S,13,1859,Rod,cones,Rod,reel,0,0
D_JOL A 2,133,F,12,9734,Swan,lake,Swan,bird,0,0
D_JOL A 2,133,B,12,5082,Clothes,dress,Clothes,attire,0,0
D_JOL A 2,137,U,12,2537,Art,beautiful,Art,lion,0,0
D_JOL A 2,133,B,12,2705,Plane,train,Plane,pilot,0,0
D_JOL A 2,133,U,12,3153,Meat,burger,Meat,obtain,0,0
D_JOL B 2,134,S,12,2119,Grill,bar,Grill,bar,100,1
D_JOL B 2,130,U,12,2136,Keys,start,Keys,joke,0,0
D_JOL B 2,134,U,12,1678,Shell,snake,Shell,snake,100,1
D_JOL B 2,134,U,12,2310,Cake,clothes,Cake,clothes,100,1
D_JOL C 2,131,F,12,2843,Drowsy,sleepy,Drowsy,sleep,0,0
D_JOL C 2,131,B,12,3321,Water,drink,Water,bridge,0,0
D_JOL C 2,131,B,12,2445,Cow,milk,Cow,herd,0,0
D_JOL D 2,132,U,12,2288,Sacking,syrup,Sacking,dietary,0,0
D_JOL D 2,132,B,12,2480,Game,clue,Game,clue,100,1
D_JOL D 2,132,U,12,13758,Tan,sun,Tan,sun,100,1
D_JOL D 2,132,U,12,3462,Election,hate,Election,maze,0,0
D_JOL D 2,132,U,11,3462,Joke,keys,Joke,keys,100,1
D_JOL A 2,137,U,10,2072,Sugar,salt,Sugar,riddle,0,0
D_JOL A 2,133,B,10,6192,Money,cash,Money,banker,0,0
D_JOL A 2,133,U,10,4484,Temperature,cold,Temperature,morning,0,0
D_JOL B 2,130,U,10,3315,Dietary,sackness,Dietary,sacking,0,0
D_JOL B 2,130,U,10,2978,Debate,words,Debate,sight,0,0
D_JOL B 2,138,B,10,4929,Sleep,rest,Sleep,drowsy,0,0
D_JOL B 2,138,U,10,2002,Sugar,sweet,Sugar,riddle,0,0
D_JOL B 2,130,U,10,1859,Cake,desert,Cake,clothes,0,0
D_JOL B 2,130,U,10,2409,Fuzzy,memory,Fuzzy,bang,0,0
D_JOL B 2,134,S,10,2954,Rod,stick,Rod,reel,0,0
D_JOL B 2,134,U,10,3532,Fuzzy,dog,Fuzzy,bang,0,0
D_JOL B 2,138,U,10,3347,Main,catch,Main,scar,0,0
D_JOL C 2,131,B,10,3851,Hammer,nail,Hammer,chisel,0,0
D_JOL C 2,131,S,10,8641,Cheese,swiss,Cheese,wine,0,0
D_JOL C 2,131,U,10,5000,Hungry,famine,Hungry,park,0,0
D_JOL C 2,131,U,10,4404,Car,accident,Car,happy,0,0
D_JOL C 2,131,U,10,2076,Vase,break,Vase,king,0,0
D_JOL C 2,135,F,10,3558,Latch,h,Latch,key,0,0
D_JOL C 2,135,B,10,2499,News,magazine,News,editor,0,0
D_JOL C 2,135,B,10,1322,Fish,tuna,Fish,tuna,100,1
D_JOL C 2,135,U,10,8680,Woman,man,Woman,lift,0,0
D_JOL C 2,135,U,10,3029,Tuck,j,Tuck,allow,0,0
D_JOL C 2,135,U,10,2838,Lion,king,Lion,art,0,0
D_JOL C 2,135,U,10,1931,Vase,water,Vase,king,0,0
D_JOL C 2,131,F,10,5626,Banker,callector,Banker,money,0,0
D_JOL C 2,131,S,10,10043,Wax,eyebrows,Wax,candle,0,0
D_JOL C 2,131,U,10,18077,Bang,big,Bang,fuzzy,0,0
D_JOL C 2,135,F,10,2373,Thimble,j,Thimble,thread,0,0
D_JOL C 2,135,F,10,16833,Revenge,j,Revenge,even,0,0
D_JOL C 2,135,F,10,6348,Sardine,fish,Sardine,fish,100,1
D_JOL C 2,135,F,10,4883,League,j,League,baseball,0,0
D_JOL C 2,135,F,10,3389,Truthful,lie,Truthful,honest,0,0
D_JOL C 2,135,B,10,1703,Eat,food,Eat,dine,0,0
D_JOL D 2,132,U,10,4257,Position,balance,Position,machine,0,0
D_JOL D 2,132,U,10,4613,Steak,give,Steak,give,100,1
D_JOL A 2,137,F,9,2118,Scalp,head,Scalp,head,100,1
D_JOL A 2,137,F,9,2913,Affection,love,Affection,love,100,1
D_JOL B 2,138,U,9,2489,Park,big,Park,hungry,0,0
D_JOL B 2,138,U,9,3492,Art,work,Art,lion,0,0
D_JOL B 2,138,U,9,4434,Valley,art,Valley,add,0,0
D_JOL B 2,138,U,9,12136,Vehicle,car,NA,NA,NA,0
D_JOL A 2,137,F,8,938,Chop,meat,Chop,cut,0,0
D_JOL A 2,137,U,8,3113,Temperature,morning,Temperature,morning,100,1
D_JOL B 2,138,B,8,1269,Smell,bad,Smell,stench,0,0
D_JOL B 2,138,U,8,5470,Allow,give,Allow,tuck,0,0
D_JOL B 2,138,B,8,1430,Even,equal,Even,revenge,0,0
D_JOL B 2,138,U,8,3847,Give,take,Give,steak,0,0
D_JOL B 2,138,U,8,4306,Meat,obtain,Meat,obtain,100,1
D_JOL A 2,137,F,7,2965,Feud,fight,Feud,fight,100,1
D_JOL A 2,137,B,7,4776,Car,driver,Car,windshield,0,0
D_JOL B 2,130,B,7,3879,Ball,park,Ball,racket,0,0
D_JOL B 2,134,S,7,3326,Number,amount,Number,amount,100,1
D_JOL B 2,130,U,7,4672,Moat,meat,Moat,clear,0,0
D_JOL C 2,135,U,7,2472,Charm,j,Charm,vehicle,0,0
D_JOL D 2,132,F,7,7598,Word,sentence,Word,sentence,100,1
D_JOL D 2,132,U,7,10420,Cloth,dish,Cloth,stretch,0,0
D_JOL A 2,137,B,6,6037,Ball,room,Ball,racket,0,0
D_JOL A 2,133,B,6,6547,Turn,move,Turn,flip,0,0
D_JOL A 2,137,B,6,2818,Even,odd,Even,revenge,0,0
D_JOL B 2,138,U,6,1191,Dietary,eat,Dietary,sacking,0,0
D_JOL B 2,138,U,6,2352,Stretch,clothes,Stretch,cloth,0,0
D_JOL B 2,138,U,6,7825,Loan,money,Loan,sign,0,0
D_JOL C 2,135,F,6,2900,Brawl,h,Brawl,fight,500,0
D_JOL D 2,132,U,6,5716,Would,give,Would,cash,0,0
D_JOL B 2,130,U,5,1911,Discover,upon,Discover,floor,0,0
D_JOL B 2,134,B,5,2243,Bug,wasp,Bug,wasp,100,1
D_JOL B 2,134,S,5,2850,Wine,drink,Wine,cheese,0,0
D_JOL B 2,134,U,5,2003,Fix,break,Fix,hand,0,0
D_JOL B 2,130,S,5,3593,Rod,con,Rod,reel,0,0
D_JOL B 2,138,F,5,5021,Shears,cheers,Shears,scissors,0,0
D_JOL B 2,138,U,5,4602,Crackle,tackle,Crackle,able,0,0
D_JOL B 2,138,U,5,2465,Temperature,hot,Temperature,morning,0,0
D_JOL C 2,131,U,5,3863,Shake,steak,Shake,shell,0,0
D_JOL C 2,135,U,5,2916,Able,to,Able,crackle,0,0
D_JOL D 2,132,S,5,3784,Carbon,element,Carbon,element,100,1
D_JOL A 2,137,F,4,5268,Mule,donkey,Mule,donkey,100,1
D_JOL A 2,137,F,4,5764,Dine,reaturant,Dine,eat,0,0
D_JOL A 2,137,B,4,14291,Bird,penguin,Bird,penguin,100,1
D_JOL A 2,137,B,4,1627,Glass,breakable,Glass,breakable,100,1
D_JOL B 2,130,U,4,2783,Sugar,sweet,Sugar,riddle,0,0
D_JOL B 2,130,U,4,3460,Listen,hear,Listen,fiction,0,0
D_JOL D 2,132,U,4,4017,Riddle,suagr,Riddle,sugar,0,0
D_JOL A 2,137,S,3,1483,Own,borrow,Own,have,0,0
D_JOL B 2,130,U,3,1852,Happy,joyful,Happy,car,0,0
D_JOL B 2,134,U,3,1848,Soon,near,Soon,belt,0,0
D_JOL B 2,134,U,3,4110,Death,coffin,Death,business,0,0
D_JOL B 2,130,U,3,3262,Main,star,Main,scar,0,0
D_JOL A 2,133,B,2,8227,Bug,bird,Bug,wasp,0,0
D_JOL B 2,130,B,2,2601,Work,job,Work,chore,0,0
D_JOL B 2,130,U,2,3109,Pusher,fall,Pusher,clutter,0,0
D_JOL B 2,130,U,2,2526,Valley,run,Valley,add,0,0
D_JOL B 2,134,U,2,1912,Machine,position,Machine,position,100,1
D_JOL D 2,132,U,2,1493,Bronze,artery,Bronze,artery,100,1
D_JOL A 2,137,S,1,2467,Razor,shave,Razor,shave,100,1
D_JOL B 2,130,U,1,1502,Artery,kindey,Artery,bronze,0,0
D_JOL B 2,130,U,1,4717,Machine,position,Machine,position,100,1
D_JOL B 2,130,U,1,1674,Allow,begin,Allow,tuck,0,0
D_JOL B 2,130,U,1,1243,Strong,man,Strong,accident,0,0
D_JOL B 2,138,U,1,2522,Soon,now,Soon,belt,0,0
D_JOL B 2,130,U,1,3371,Loan,sign,Loan,sign,100,1
D_JOL B 2,138,F,1,1642,Feud,fight,Feud,fight,100,1
D_JOL A 2,137,B,0,2374,Sentence,line,Sentence,word,0,0
D_JOL A 2,137,S,0,4441,Number,digits,Number,amount,0,0
D_JOL A 2,137,U,0,1667,Dietary,needs,Dietary,sacking,0,0
D_JOL A 2,137,U,0,1739,Soon,coming,Soon,belt,0,0
D_JOL A 2,137,U,0,1952,Cash,back,Cash,would,0,0
D_JOL A 2,137,B,0,4117,Thread,muffelr,Thread,thimble,0,0
D_JOL A 2,137,B,0,1305,Fruit,orange,Fruit,strawberry,0,0
D_JOL A 2,137,B,0,4818,Best,friend,Best,favorite,0,0
D_JOL A 2,137,B,0,1524,Honest,person,Honest,truthful,0,0
D_JOL A 2,137,S,0,1452,Mason,ball,Mason,jar,0,0
D_JOL A 2,137,S,0,3450,Element,carbon,Element,carbon,100,1
D_JOL A 2,137,S,0,6195,Phone,call,Phone,communication,0,0
D_JOL A 2,137,S,0,1872,Rod,hit,Rod,reel,0,0
D_JOL A 2,137,S,0,2062,Sun,tan,Sun,tan,100,1
D_JOL A 2,137,U,0,1477,Justice,right,Justice,maroon,0,0
D_JOL A 2,137,U,0,2154,Stretch,out,Stretch,cloth,0,0
D_JOL A 2,137,U,0,1117,Give,take,Give,steak,0,0
D_JOL A 2,137,U,0,1075,Maze,terror,Maze,election,0,0
D_JOL A 2,137,U,0,1779,Vehicle,safety,NA,NA,NA,0
D_JOL A 2,137,U,0,2015,Meat,eat,Meat,obtain,0,0
D_JOL A 2,137,U,0,2615,Crackle,sound,Crackle,able,0,0
D_JOL A 2,137,U,0,1336,Shell,snake,Shell,snake,100,1
D_JOL A 2,137,U,0,1130,Listen,hear,Listen,fiction,0,0
D_JOL A 2,137,U,0,1009,Keys,lock,Keys,joke,0,0
D_JOL A 2,137,U,0,1036,Cake,clothes,Cake,clothes,100,1
D_JOL A 2,137,U,0,1460,Fuzzy,bright,Fuzzy,bang,0,0
D_JOL A 2,137,U,0,2889,Moat,lake,Moat,clear,0,0
D_JOL A 2,137,U,0,1192,Lease,hold,Lease,toil,0,0
D_JOL A 2,137,U,0,1297,Loan,bank,Loan,sign,0,0
D_JOL A 2,137,U,0,3043,Both,never,Both,ounce,0,0
D_JOL A 2,137,U,0,1651,Mirror,break,Mirror,children,0,0
D_JOL B 2,134,U,0,1953,Pusher,pull,Pusher,clutter,0,0
D_JOL B 2,134,U,0,4385,Dietary,plan,Dietary,sacking,0,0
D_JOL B 2,134,U,0,1463,Lift,hold,Lift,woman,0,0
D_JOL B 2,134,U,0,1872,Discover,find,Discover,floor,0,0
D_JOL B 2,134,U,0,2695,Artery,vein,Artery,bronze,0,0
D_JOL B 2,134,U,0,716,Happy,sad,Happy,car,0,0
D_JOL B 2,134,U,0,1555,Sugar,sweet,Sugar,riddle,0,0
D_JOL B 2,138,F,0,5036,Hornet,kop,Hornet,sting,0,0
D_JOL B 2,138,B,0,5753,Dark,black,Dark,cave,0,0
D_JOL B 2,138,B,0,2724,Key,joke,Key,latch,0,0
D_JOL B 2,138,S,0,894,Pop,up,Pop,soda,0,0
D_JOL B 2,138,S,0,8456,Wine,fruit,Wine,cheese,0,0
D_JOL B 2,138,S,0,2929,Lettuce,green,Lettuce,salad,0,0
D_JOL B 2,138,U,0,2628,Fix,stuff,Fix,hand,0,0
D_JOL B 2,138,U,0,1611,Machine,position,Machine,position,100,1
D_JOL B 2,138,U,0,3109,Cash,money,Cash,would,0,0
D_JOL B 2,134,U,0,8823,Main,stream,Main,scar,0,0
D_JOL B 2,138,B,0,8011,Fruit,mango,Fruit,strawberry,0,0
D_JOL B 2,138,B,0,7006,Plane,aircraft,Plane,pilot,0,0
D_JOL B 2,138,B,0,862,Fish,sadrine,Fish,sardine,0,0
D_JOL B 2,138,S,0,3826,Water,air,Water,drink,0,0
D_JOL B 2,138,S,0,13808,Safety,safeguard,Safety,seatbelt,0,0
D_JOL B 2,138,U,0,3455,Fuzzy,lot,Fuzzy,bang,0,0
D_JOL B 2,138,U,0,4668,Lease,agreemennt,Lease,toil,0,0
D_JOL C 2,131,B,0,9276,News,letter,News,editor,0,0
D_JOL C 2,131,B,0,6910,Clean,up,Clean,hygiene,0,0
D_JOL C 2,131,S,0,3164,Amount,money,Amount,number,0,0
D_JOL C 2,131,S,0,4917,Site,place,Site,location,0,0
D_JOL C 2,131,U,0,9064,Add,subtract,Add,valley,0,0
D_JOL C 2,135,F,0,4113,Chili,grill,Chili,hot,0,0
D_JOL C 2,135,S,0,16701,Design,architecture,Design,architecture,100,1
D_JOL C 2,131,F,0,5576,Balloon,red,Balloon,pop,0,0
D_JOL C 2,131,F,0,3428,Coffin,death,Coffin,dead,0,0
D_JOL C 2,131,F,0,3662,Nap,tim,Nap,sleep,0,0
D_JOL C 2,131,B,0,4955,Car,drive,Car,happy,0,0
D_JOL C 2,131,B,0,4121,Donkey,mule,Donkey,mule,100,1
D_JOL C 2,131,S,0,5489,Equal,same,Equal,rights,0,0
D_JOL C 2,131,S,0,5597,Drink,water,Drink,water,100,1
D_JOL C 2,131,S,0,5454,Seatbelt,safety,Seatbelt,safety,100,1
D_JOL C 2,131,S,0,7254,Noise,loud,Noise,loud,100,1
D_JOL C 2,131,U,0,6453,Maroon,purple,Maroon,justice,0,0
D_JOL C 2,131,U,0,7914,Cloth,wet,Cloth,stretch,0,0
D_JOL C 2,131,U,0,2966,Steak,meat,Steak,give,0,0
D_JOL C 2,131,U,0,8957,Obtain,take,Obtain,meat,0,0
D_JOL C 2,131,U,0,2532,Sign,off,Sign,loan,0,0
D_JOL C 2,135,B,0,3169,Mystery,detective,Mystery,detective,100,1
D_JOL C 2,135,S,0,4099,Jar,j,Jar,mason,0,0
D_JOL A 2,137,F,,2948,Hygiene,health,Hygiene,clean,0,0
D_JOL A 2,137,B,,1950,Take,grab,Take,seize,0,0
D_JOL A 2,137,S,,3912,Begin,end,Begin,end,100,1
D_JOL A 2,133,U,,1702,Lease,buy,Lease,toil,0,0
D_JOL A 2,137,F,,3496,Driver,truck,Driver,car,0,0
D_JOL C 2,131,S,,3670,Assignment,due,Assignment,due,100,1
D_JOL C 2,131,S,,1693,Round,circle,Round,circle,100,1
D_JOL C 2,135,U,,5915,Would,should,Would,cash,0,0
D_JOL C 2,131,F,,1793,Revenge,play,Revenge,even,0,0
D_JOL C 2,131,F,,943,Panther,cats,Panther,cat,0,0
D_JOL C 2,131,F,,1387,Aircraft,pilot,Aircraft,plane,0,0
D_JOL C 2,131,F,,2798,Truthful,hionest,Truthful,honest,0,0
D_JOL C 2,131,B,,1991,Plant,growth,Plant,root,0,0
D_JOL C 2,131,B,,1000,Mystery,book,Mystery,detective,0,0
D_JOL C 2,131,B,,3083,Head,start,Head,scalp,0,0
D_JOL C 2,131,B,,1318,Smell,stench,Smell,incense,0,0
D_JOL C 2,131,B,,1952,Cold,weather,Cold,bitter,0,0
D_JOL C 2,131,S,,2280,Have,not,Have,own,0,0
D_JOL C 2,131,U,,7109,Able,unable,Able,crackle,0,0
D_JOL C 2,131,U,,15763,Clothes,wet,NA,NA,NA,0
D_JOL C 2,131,S,,1561,Hate,love,Hate,name,0,0
D_JOL C 2,131,U,,1161,Clear,water,Clear,moat,0,0
D_JOL C 2,131,U,,1147,Toil,toilet,Toil,lease,0,0
D_JOL C 2,131,U,,729,Morning,night,Morning,temperature,0,0
D_JOL C 2,135,U,,839,Cloth,drier,Cloth,stretch,0,0
