"ExperimentName","Subject","Session","Procedure.Block.","Running.Block.","Trial","cue_target","Direction","ListNum","JOL","JOL_RT","Procedure.Trial.","Recall_prompt","Response","Response_RT"
"D_JOL C 2",115,1,"BlockProc1","Block1",46,"Word - Sentence","F",6,"68",5447,"StudyProc3","Word - ?","sentence",5599
"D_JOL C 2",115,1,"BlockProc1","Block1",23,"Wasp - Bug","F",7,"70",4723,"StudyProc3","Wasp - ?","bug",2283
"D_JOL C 2",115,1,"BlockProc1","Block1",84,"Division - Math","F",8,"96",3805,"StudyProc3","Division - ?","math",3405
"D_JOL C 2",115,1,"BlockProc1","Block1",30,"Attorney - Law","F",9,"68",6624,"StudyProc3","Attorney - ?","law",3361
"D_JOL C 2",115,1,"BlockProc1","Block1",42,"Fantastic - Great","F",10,"89",3896,"StudyProc3","Fantastic - ?","great",2841
"D_JOL C 2",115,1,"BlockProc1","Block1",63,"Latch - Key","F",11,"49",6116,"StudyProc3","Latch - ?","key",3844
"D_JOL C 2",115,1,"BlockProc1","Block1",41,"Chili - Hot","F",12,"60",2420,"StudyProc3","Chili - ?","hot",2556
"D_JOL C 2",115,1,"BlockProc1","Block1",10,"Racket - Ball","F",13,"86",7329,"StudyProc3","Racket - ?","ball",2339
"D_JOL C 2",115,1,"BlockProc1","Block1",60,"Chore - Work","F",14,"77",7216,"StudyProc3","Chore - ?","",137
"D_JOL C 2",115,1,"BlockProc1","Block1",77,"Famine - Hunger","F",15,"60",11506,"StudyProc3","Famine - ?","hot",4410
"D_JOL C 2",115,1,"BlockProc1","Block1",25,"Drowsy - Sleep","F",16,"82",7702,"StudyProc3","Drowsy - ?","sleepy",4432
"D_JOL C 2",115,1,"BlockProc1","Block1",78,"Stench - Smell","F",17,"99",2440,"StudyProc3","Stench - ?","smell",3733
"D_JOL C 2",115,1,"BlockProc1","Block1",18,"Attire - Clothes","F",18,"91",3996,"StudyProc3","Attire - ?","clothes",4477
"D_JOL C 2",115,1,"BlockProc1","Block1",20,"Pilot - Plane","F",19,"95",3991,"StudyProc3","Pilot - ?","plane",3983
"D_JOL C 2",115,1,"BlockProc1","Block1",22,"Blaze - Fire","F",20,"49",4951,"StudyProc3","Blaze - ?","fire",3437
"D_JOL C 2",115,1,"BlockProc1","Block1",71,"Bad - Delinquent","B",21,"49",2887,"StudyProc3","Bad - ?","delenquient",14000
"D_JOL C 2",115,1,"BlockProc1","Block1",43,"Stomach - Digestion","B",22,"58",6940,"StudyProc3","Stomach - ?","digestion",6783
"D_JOL C 2",115,1,"BlockProc1","Block1",55,"Money - Wage","B",23,"65",12456,"StudyProc3","Money - ?","wage",3797
"D_JOL C 2",115,1,"BlockProc1","Block1",24,"News - Editor","B",24,"50",10113,"StudyProc3","Hammer - ?","chisel",3607
"D_JOL C 2",115,1,"BlockProc1","Block1",58,"Sting - Hornet","B",25,"28",4734,"StudyProc3","News - ?","editor",4040
"D_JOL C 2",115,1,"BlockProc1","Block1",56,"Cold - Bitter","B",26,"50",7880,"StudyProc3","Sting - ?","hornet",3054
"D_JOL C 2",115,1,"BlockProc1","Block1",54,"Plant - Root","B",27,"73",4636,"StudyProc3","Cold - ?","bitter",13626
"D_JOL C 2",115,1,"BlockProc1","Block1",36,"Bird - Swan","B",28,"63",7413,"StudyProc3","Plant - ?","root",1940
"D_JOL C 2",115,1,"BlockProc1","Block1",76,"Dog - Paw","B",29,"86",4342,"StudyProc3","Bird - ?","swan",4697
"D_JOL C 2",115,1,"BlockProc1","Block1",6,"Out - Way","B",30,"way",3128,"StudyProc3","Dog - ?","food",3103
"D_JOL C 2",115,1,"BlockProc1","Block1",21,"Clean - Hygiene","B",31,"80",5692,"StudyProc3","Out - ?","way",2069
"D_JOL C 2",115,1,"BlockProc1","Block1",48,"Water - Bridge","B",32,"49",3583,"StudyProc3","Clean - ?","work",8660
"D_JOL C 2",115,1,"BlockProc1","Block1",11,"Rock - Geology","B",33,"69",4809,"StudyProc3","Water- ?","drink",4486
"D_JOL C 2",115,1,"BlockProc1","Block1",13,"War - Revolution","B",34,"78",5680,"StudyProc3","Rock - ?","hard",8580
"D_JOL C 2",115,1,"BlockProc1","Block1",57,"Talk - Discussion","B",35,"78",4860,"StudyProc3","War - ?","revolution",5388
"D_JOL C 2",115,1,"BlockProc1","Block1",49,"Cow - Herd","B",36,"81",4052,"StudyProc3","Talk - ?","discussion",7482
"D_JOL C 2",115,1,"BlockProc1","Block1",64,"Card - Credit","B",37,"98",4186,"StudyProc3","Cow - ?","herd",8874
"D_JOL C 2",115,1,"BlockProc1","Block1",16,"Flower - Orchid","B",38,"40",4600,"StudyProc3","Card - ?","credit",4017
"D_JOL C 2",115,1,"BlockProc1","Block1",8,"Fish - Tuna","B",39,"70",26954,"StudyProc3","Flower - ?","orchid",4613
"D_JOL C 2",115,1,"BlockProc1","Block1",68,"Hammer - Chisel","B",40,"20",4730,"StudyProc3","Fish - ?","shrimp",4023
"D_JOL C 2",115,1,"BlockProc1","Block1",9,"Assignment - Due","S",41,"50",13947,"StudyProc3","Amount - ?","number",3256
"D_JOL C 2",115,1,"BlockProc1","Block1",44,"Amount - Number","S",42,"75",16856,"StudyProc3","Assignment - ?","due",3048
"D_JOL C 2",115,1,"BlockProc1","Block1",82,"Site - Location","S",43,"87",2857,"StudyProc3","Site - ?","location",4705
"D_JOL C 2",115,1,"BlockProc1","Block1",15,"Waste - Dump","S",44,"67",7810,"StudyProc3","Waste - ?","dump",3293
"D_JOL C 2",115,1,"BlockProc1","Block1",19,"Jury - Trial","S",45,"66",11520,"StudyProc3","Jury - ?","court",9887
"D_JOL C 2",115,1,"BlockProc1","Block1",65,"Design - Architecture","S",46,"80",3198,"StudyProc3","Design - ?","archietect",13602
"D_JOL C 2",115,1,"BlockProc1","Block1",67,"Bar - Grill","S",47,"82",3805,"StudyProc3","Bar - ?","grill",3238
"D_JOL C 2",115,1,"BlockProc1","Block1",53,"Liver - Kidney","S",48,"55",11141,"StudyProc3","Liver - ?","kidney",3940
"D_JOL C 2",115,1,"BlockProc1","Block1",69,"End - Begin","S",49,"69",3345,"StudyProc3","End - ?","begin",2776
"D_JOL C 2",115,1,"BlockProc1","Block1",39,"Wind - Blow","S",50,"87",9139,"StudyProc3","Wind - ?","blow",2298
"D_JOL C 2",115,1,"BlockProc1","Block1",12,"Soda - Pop","S",51,"100",3290,"StudyProc3","Soda - ?","pop",2655
"D_JOL C 2",115,1,"BlockProc1","Block1",35,"Cheese - Wine","S",52,"70",11439,"StudyProc3","Cheese - ?","wine",2182
"D_JOL C 2",115,1,"BlockProc1","Block1",50,"Toilet - Bathroom","S",53,"87",26955,"StudyProc3","Toilet - ?","bathroom",4629
"D_JOL C 2",115,1,"BlockProc1","Block1",17,"Decision - Choice","S",54,"80",7214,"StudyProc3","Decision - ?","choice",3468
"D_JOL C 2",115,1,"BlockProc1","Block1",72,"Foot - Shoe","S",55,"90",4799,"StudyProc3","Foot - ?","shoe",3661
"D_JOL C 2",115,1,"BlockProc1","Block1",34,"Future - Past","S",56,"60",6795,"StudyProc3","Future - ?","past",7129
"D_JOL C 2",115,1,"BlockProc1","Block1",61,"Salad - Lettuce","S",57,"100",2945,"StudyProc3","Salad - ?","lettuce",3935
"D_JOL C 2",115,1,"BlockProc1","Block1",85,"Bee - Honey","S",58,"96",2622,"StudyProc3","Bee - ?","honey",2976
"D_JOL C 2",115,1,"BlockProc1","Block1",75,"Child - Baby","S",59,"94",3937,"StudyProc3","Child - ?","baby",2223
"D_JOL C 2",115,1,"BlockProc1","Block1",14,"Round - Circle","S",60,"95",7680,"StudyProc3","Round - ?","circle",2642
"D_JOL C 2",115,1,"BlockProc1","Block1",45,"Clutter - Pusher","U",61,"10",7005,"StudyProc3","Clutter - ?","attery",13293
"D_JOL C 2",115,1,"BlockProc1","Block1",33,"Sacking - Dietary","U",62,"10",2374,"StudyProc3","Sacking - ?","packing",5240
"D_JOL C 2",115,1,"BlockProc1","Block1",52,"Hungry - Park","U",63,"40",8336,"StudyProc3","Hungry - ?","eat",18467
"D_JOL C 2",115,1,"BlockProc1","Block1",28,"Woman - Lift","U",64,"52",9052,"StudyProc3","Woman - ?","lift",3759
"D_JOL C 2",115,1,"BlockProc1","Block1",47,"Belt - Soon","U",65,"35",3914,"StudyProc3","Belt - ?","soon",2341
"D_JOL C 2",115,1,"BlockProc1","Block1",70,"Floor - Discover","U",66,"1",2717,"StudyProc3","Floor - ?","discover",4249
"D_JOL C 2",115,1,"BlockProc1","Block1",29,"Business - Death","U",67,"29",3234,"StudyProc3","Business - ?","death",3918
"D_JOL C 2",115,1,"BlockProc1","Block1",26,"Sight - Debate","U",68,"25",3074,"StudyProc3","Sight - ?","eyes",12248
"D_JOL C 2",115,1,"BlockProc1","Block1",74,"Bronze - Artery","U",69,"35",4670,"StudyProc3","Bronze - ?","silver",4205
"D_JOL C 2",115,1,"BlockProc1","Block1",27,"Hand - Fix","U",70,"38",6944,"StudyProc3","Hand - ?","fix",2642
"D_JOL C 2",115,1,"BlockProc1","Block1",83,"Position - Machine","U",71,"28",4938,"StudyProc3","Position - ?","front",12735
"D_JOL C 2",115,1,"BlockProc1","Block1",51,"Car - Happy","U",72,"67",6549,"StudyProc3","Car - ?","happy",3724
"D_JOL C 2",115,1,"BlockProc1","Block1",73,"Tuck - Allow","U",73,"33",5368,"StudyProc3","Tuck - ?","away",2615
"D_JOL C 2",115,1,"BlockProc1","Block1",79,"Lion - Art","U",74,"50",8901,"StudyProc3","Lion - ?","art",2323
"D_JOL C 2",115,1,"BlockProc1","Block1",37,"Accident - Strong","U",75,"45",6016,"StudyProc3","Accident - ?","strong",3619
"D_JOL C 2",115,1,"BlockProc1","Block1",81,"Riddle - Sugar","U",76,"19",6702,"StudyProc3","Riddle - ?","rhyme",6589
"D_JOL C 2",115,1,"BlockProc1","Block1",62,"Add - Valley","U",77,"10",2275,"StudyProc3","Add - ?","sutract",6845
"D_JOL C 2",115,1,"BlockProc1","Block1",40,"Would - Cash","U",78,"0",2187,"StudyProc3","Would - ?","could",6861
"D_JOL C 2",115,1,"BlockProc1","Block1",59,"Sick - Hide","U",79,"19",6546,"StudyProc3","Sick - ?","hide",5915
"D_JOL C 2",115,1,"BlockProc1","Block1",32,"Vase - King","U",80,"50",3731,"StudyProc3","Vase - ?","flower",5961
"D_JOL C 2",139,1,"BlockProc1","Block1",31,"Word - Sentence","F",6,"100",2511,"StudyProc3","Word - ?","phrase",3451
"D_JOL C 2",139,1,"BlockProc1","Block1",84,"Wasp - Bug","F",7,"100",1925,"StudyProc3","Wasp - ?","sting",2988
"D_JOL C 2",139,1,"BlockProc1","Block1",75,"Division - Math","F",8,"100",2535,"StudyProc3","Division - ?","from",8907
"D_JOL C 2",139,1,"BlockProc1","Block1",83,"Attorney - Law","F",9,"100",1472,"StudyProc3","Attorney - ?","general",3839
"D_JOL C 2",139,1,"BlockProc1","Block1",6,"Fantastic - Great","F",10,"100",2715,"StudyProc3","Fantastic - ?","good",13979
"D_JOL C 2",139,1,"BlockProc1","Block1",78,"Latch - Key","F",11,"10",3269,"StudyProc3","Latch - ?","lever",6192
"D_JOL C 2",139,1,"BlockProc1","Block1",64,"Chili - Hot","F",12,"100",1312,"StudyProc3","Chili - ?","hot",4162
"D_JOL C 2",139,1,"BlockProc1","Block1",24,"Racket - Ball","F",13,"100",4149,"StudyProc3","Racket - ?","ball",5295
"D_JOL C 2",139,1,"BlockProc1","Block1",15,"Chore - Work","F",14,"100",3283,"StudyProc3","Chore - ?","work",3755
"D_JOL C 2",139,1,"BlockProc1","Block1",66,"Famine - Hunger","F",15,"100",2785,"StudyProc3","Famine - ?","hunger",6689
"D_JOL C 2",139,1,"BlockProc1","Block1",12,"Drowsy - Sleep","F",16,"95",6233,"StudyProc3","Drowsy - ?","awaake",4943
"D_JOL C 2",139,1,"BlockProc1","Block1",34,"Stench - Smell","F",17,"100",2226,"StudyProc3","Stench - ?","smell",3283
"D_JOL C 2",139,1,"BlockProc1","Block1",41,"Attire - Clothes","F",18,"10",4535,"StudyProc3","Attire - ?","dres",4774
"D_JOL C 2",139,1,"BlockProc1","Block1",35,"Pilot - Plane","F",19,"100",3687,"StudyProc3","Pilot - ?","driver",3270
"D_JOL C 2",139,1,"BlockProc1","Block1",58,"Blaze - Fire","F",20,"100",2480,"StudyProc3","Blaze - ?","fire",2289
"D_JOL C 2",139,1,"BlockProc1","Block1",28,"Bad - Delinquent","B",21,"100",2540,"StudyProc3","Bad - ?","good",4002
"D_JOL C 2",139,1,"BlockProc1","Block1",19,"Stomach - Digestion","B",22,"85",7055,"StudyProc3","Stomach - ?","acid",5557
"D_JOL C 2",139,1,"BlockProc1","Block1",45,"Money - Wage","B",23,"100",3702,"StudyProc3","Money - ?","wealth",4198
"D_JOL C 2",139,1,"BlockProc1","Block1",20,"News - Editor","B",24,"100",2481,"StudyProc3","Hammer - ?","nail",7435
"D_JOL C 2",139,1,"BlockProc1","Block1",11,"Sting - Hornet","B",25,"100",3772,"StudyProc3","News - ?","fake",5412
"D_JOL C 2",139,1,"BlockProc1","Block1",47,"Cold - Bitter","B",26,"100",2476,"StudyProc3","Sting - ?","wasp",5310
"D_JOL C 2",139,1,"BlockProc1","Block1",8,"Plant - Root","B",27,"100",2808,"StudyProc3","Cold - ?","warm",4774
"D_JOL C 2",139,1,"BlockProc1","Block1",43,"Bird - Swan","B",28,"100",2493,"StudyProc3","Plant - ?","gree",4855
"D_JOL C 2",139,1,"BlockProc1","Block1",40,"Dog - Paw","B",29,"100",3093,"StudyProc3","Bird - ?","tree",3854
"D_JOL C 2",139,1,"BlockProc1","Block1",39,"Out - Way","B",30,"85",6059,"StudyProc3","Dog - ?","food",2975
"D_JOL C 2",139,1,"BlockProc1","Block1",42,"Clean - Hygiene","B",31,"100",4199,"StudyProc3","Out - ?","from",3272
"D_JOL C 2",139,1,"BlockProc1","Block1",68,"Water - Bridge","B",32,"100",1949,"StudyProc3","Clean - ?","chore",7010
"D_JOL C 2",139,1,"BlockProc1","Block1",36,"Rock - Geology","B",33,"100",2343,"StudyProc3","Water- ?","flow",6279
"D_JOL C 2",139,1,"BlockProc1","Block1",57,"War - Revolution","B",34,"65",4796,"StudyProc3","Rock - ?","bottom",5574
"D_JOL C 2",139,1,"BlockProc1","Block1",18,"Talk - Discussion","B",35,"90",5280,"StudyProc3","War - ?","happiness",6595
"D_JOL C 2",139,1,"BlockProc1","Block1",23,"Cow - Herd","B",36,"100",3128,"StudyProc3","Talk - ?","speak",7672
"D_JOL C 2",139,1,"BlockProc1","Block1",61,"Card - Credit","B",37,"",432,"StudyProc3","Cow - ?","milk",2928
"D_JOL C 2",139,1,"BlockProc1","Block1",62,"Flower - Orchid","B",38,"10",5391,"StudyProc3","Card - ?","hold",3938
"D_JOL C 2",139,1,"BlockProc1","Block1",13,"Fish - Tuna","B",39,"100",2402,"StudyProc3","Flower - ?","leaf",3679
"D_JOL C 2",139,1,"BlockProc1","Block1",32,"Hammer - Chisel","B",40,"100",5160,"StudyProc3","Fish - ?","tail",3846
"D_JOL C 2",139,1,"BlockProc1","Block1",60,"Assignment - Due","S",41,"100",1711,"StudyProc3","Amount - ?","more",8145
"D_JOL C 2",139,1,"BlockProc1","Block1",51,"Amount - Number","S",42,"100",1837,"StudyProc3","Assignment - ?","due",3656
"D_JOL C 2",139,1,"BlockProc1","Block1",37,"Site - Location","S",43,"100",2359,"StudyProc3","Site - ?","mai",5949
"D_JOL C 2",139,1,"BlockProc1","Block1",49,"Waste - Dump","S",44,"100",1433,"StudyProc3","Waste - ?","timr",3657
"D_JOL C 2",139,1,"BlockProc1","Block1",9,"Jury - Trial","S",45,"100",3065,"StudyProc3","Jury - ?","silent",7397
"D_JOL C 2",139,1,"BlockProc1","Block1",10,"Design - Architecture","S",46,"100",3135,"StudyProc3","Design - ?","idea",7212
"D_JOL C 2",139,1,"BlockProc1","Block1",30,"Bar - Grill","S",47,"100",3268,"StudyProc3","Bar - ?","jump",6383
"D_JOL C 2",139,1,"BlockProc1","Block1",26,"Liver - Kidney","S",48,"100",4516,"StudyProc3","Liver - ?","day",15976
"D_JOL C 2",139,1,"BlockProc1","Block1",21,"End - Begin","S",49,"",1758,"StudyProc3","End - ?","beggining",5392
"D_JOL C 2",139,1,"BlockProc1","Block1",79,"Wind - Blow","S",50,"100",2803,"StudyProc3","Wind - ?","chime",4309
"D_JOL C 2",139,1,"BlockProc1","Block1",48,"Soda - Pop","S",51,"100",2540,"StudyProc3","Soda - ?","pop",1969
"D_JOL C 2",139,1,"BlockProc1","Block1",82,"Cheese - Wine","S",52,"100",1334,"StudyProc3","Cheese - ?","string",9920
"D_JOL C 2",139,1,"BlockProc1","Block1",33,"Toilet - Bathroom","S",53,"100",2175,"StudyProc3","Toilet - ?","water",5776
"D_JOL C 2",139,1,"BlockProc1","Block1",63,"Decision - Choice","S",54,"100",1487,"StudyProc3","Decision - ?","making",4168
"D_JOL C 2",139,1,"BlockProc1","Block1",69,"Foot - Shoe","S",55,"100",1086,"StudyProc3","Foot - ?","shoe",9474
"D_JOL C 2",139,1,"BlockProc1","Block1",55,"Future - Past","S",56,"100",2988,"StudyProc3","Future - ?","past",3308
"D_JOL C 2",139,1,"BlockProc1","Block1",44,"Salad - Lettuce","S",57,"100",2012,"StudyProc3","Salad - ?","leaf",10331
"D_JOL C 2",139,1,"BlockProc1","Block1",77,"Bee - Honey","S",58,"100",2979,"StudyProc3","Bee - ?","joney",3439
"D_JOL C 2",139,1,"BlockProc1","Block1",16,"Child - Baby","S",59,"100",2388,"StudyProc3","Child - ?","kid",5489
"D_JOL C 2",139,1,"BlockProc1","Block1",81,"Round - Circle","S",60,"100",1463,"StudyProc3","Round - ?","circle",7386
"D_JOL C 2",139,1,"BlockProc1","Block1",65,"Clutter - Pusher","U",61,"100",3321,"StudyProc3","Clutter - ?","clean",8062
"D_JOL C 2",139,1,"BlockProc1","Block1",22,"Sacking - Dietary","U",62,"100",5926,"StudyProc3","Sacking - ?","leaving",7815
"D_JOL C 2",139,1,"BlockProc1","Block1",17,"Hungry - Park","U",63,"100",2803,"StudyProc3","Hungry - ?","empty",7188
"D_JOL C 2",139,1,"BlockProc1","Block1",46,"Woman - Lift","U",64,"100",2268,"StudyProc3","Woman - ?","girl",8079
"D_JOL C 2",139,1,"BlockProc1","Block1",76,"Belt - Soon","U",65,"100",2232,"StudyProc3","Belt - ?","brown",8842
"D_JOL C 2",139,1,"BlockProc1","Block1",71,"Floor - Discover","U",66,"100",2066,"StudyProc3","Floor - ?","eght",13567
"D_JOL C 2",139,1,"BlockProc1","Block1",7,"Business - Death","U",67,"100",4415,"StudyProc3","Business - ?","bad",8276
"D_JOL C 2",139,1,"BlockProc1","Block1",80,"Sight - Debate","U",68,"100",1365,"StudyProc3","Sight - ?","song",3695
"D_JOL C 2",139,1,"BlockProc1","Block1",74,"Bronze - Artery","U",69,"100",2324,"StudyProc3","Bronze - ?","tough",5681
"D_JOL C 2",139,1,"BlockProc1","Block1",29,"Hand - Fix","U",70,"100",3764,"StudyProc3","Hand - ?","hold",2328
"D_JOL C 2",139,1,"BlockProc1","Block1",14,"Position - Machine","U",71,"100",2120,"StudyProc3","Position - ?","year",6639
"D_JOL C 2",139,1,"BlockProc1","Block1",70,"Car - Happy","U",72,"100",1753,"StudyProc3","Car - ?","ride",3650
"D_JOL C 2",139,1,"BlockProc1","Block1",59,"Tuck - Allow","U",73,"100",2742,"StudyProc3","Tuck - ?","fold",3394
"D_JOL C 2",139,1,"BlockProc1","Block1",85,"Lion - Art","U",74,"75",4055,"StudyProc3","Lion - ?","cat",5065
"D_JOL C 2",139,1,"BlockProc1","Block1",27,"Accident - Strong","U",75,"100",2437,"StudyProc3","Accident - ?","report",2493
"D_JOL C 2",139,1,"BlockProc1","Block1",73,"Riddle - Sugar","U",76,"100",2316,"StudyProc3","Riddle - ?","rhyme",3369
"D_JOL C 2",139,1,"BlockProc1","Block1",53,"Add - Valley","U",77,"100",3147,"StudyProc3","Add - ?","less",4248
"D_JOL C 2",139,1,"BlockProc1","Block1",50,"Would - Cash","U",78,"100",2585,"StudyProc3","Would - ?","take",7758
"D_JOL C 2",139,1,"BlockProc1","Block1",54,"Sick - Hide","U",79,"100",1822,"StudyProc3","Sick - ?","sneeze",18289
"D_JOL C 2",139,1,"BlockProc1","Block1",25,"Vase - King","U",80,"100",2405,"StudyProc3","Vase - ?","tme",3938
"D_JOL C 2",115,1,"BlockProc2","Block2",38,"Thimble - Thread","F",6,NA,3371,"StudyProc5","Thimble - ?","thamble",11266
"D_JOL C 2",115,1,"BlockProc2","Block2",82,"Revenge - Even","F",7,"90",6331,"StudyProc5","Revenge - ?","even",2257
"D_JOL C 2",115,1,"BlockProc2","Block2",29,"Balloon - Pop","F",8,NA,3578,"StudyProc5","Balloon - ?","pop",2038
"D_JOL C 2",115,1,"BlockProc2","Block2",8,"Strawberry - Fruit","F",9,"91",3476,"StudyProc5","Strawberry - ?","fruit",4214
"D_JOL C 2",115,1,"BlockProc2","Block2",13,"Favorite - Best","F",10,"80",2831,"StudyProc5","Favorite - ?","best",3563
"D_JOL C 2",115,1,"BlockProc2","Block2",52,"Panther - Cat","F",11,NA,2477,"StudyProc5","Panther - ?","cat",2483
"D_JOL C 2",115,1,"BlockProc2","Block2",75,"Breakable - Glass","F",12,"78",2289,"StudyProc5","Breakable - ?","glass",2818
"D_JOL C 2",115,1,"BlockProc2","Block2",31,"Coffin - Dead","F",13,NA,4076,"StudyProc5","Coffin - ?","death",3998
"D_JOL C 2",115,1,"BlockProc2","Block2",76,"Aircraft - Plane","F",14,"80",2762,"StudyProc5","Aircraft - ?","plane",2751
"D_JOL C 2",115,1,"BlockProc2","Block2",62,"Sardine - Fish","F",15,"89",2673,"StudyProc5","Sardine - ?","fish",2302
"D_JOL C 2",115,1,"BlockProc2","Block2",80,"League - Baseball","F",16,"87",8685,"StudyProc5","League - ?","baseball",4245
"D_JOL C 2",115,1,"BlockProc2","Block2",37,"Banker - Money","F",17,"90",3247,"StudyProc5","Banker - ?","money",2779
"D_JOL C 2",115,1,"BlockProc2","Block2",35,"Truthful - Honest","F",18,"95",3033,"StudyProc5","Truthful - ?","honesty",3470
"D_JOL C 2",115,1,"BlockProc2","Block2",81,"Nap - Sleep","F",19,"98",1877,"StudyProc5","Nap - ?","sleep",2461
"D_JOL C 2",115,1,"BlockProc2","Block2",50,"Brawl - Fight","F",20,"89",4203,"StudyProc5","Brawl - ?","fight",2404
"D_JOL C 2",115,1,"BlockProc2","Block2",41,"Long - Extension","B",21,"67",2443,"StudyProc5","Long - ?","extensions",5524
"D_JOL C 2",115,1,"BlockProc2","Block2",17,"Game - Clue","B",22,"35",10234,"StudyProc5","Game - ?","clue",4458
"D_JOL C 2",115,1,"BlockProc2","Block2",16,"Tie - Shoelace","B",23,"50",6887,"StudyProc5","Plant - ?","cactus",6317
"D_JOL C 2",115,1,"BlockProc2","Block2",40,"Mystery - Detective","B",24,"50",4720,"StudyProc5","Tie - ?","shoelace",4669
"D_JOL C 2",115,1,"BlockProc2","Block2",61,"End - Adjourn","B",25,"75",3773,"StudyProc5","Mystery - ?","detective",5382
"D_JOL C 2",115,1,"BlockProc2","Block2",85,"Dog - Furry","B",26,"89",4071,"StudyProc5","End - ?","begin",7832
"D_JOL C 2",115,1,"BlockProc2","Block2",63,"Trash - Litter","B",27,"91",3119,"StudyProc5","Dog - ?","furry",3488
"D_JOL C 2",115,1,"BlockProc2","Block2",10,"Red - Cherry","B",28,"78",17333,"StudyProc5","Trash - ?","litter",3178
"D_JOL C 2",115,1,"BlockProc2","Block2",70,"Head - Scalp","B",29,"94",4416,"StudyProc5","Red - ?","cherry",3212
"D_JOL C 2",115,1,"BlockProc2","Block2",48,"Car - Driver","B",30,"80",2767,"StudyProc5","Head - ?","scalp",3285
"D_JOL C 2",115,1,"BlockProc2","Block2",73,"Cut - Chop","B",31,"89",3918,"StudyProc5","Car - ?","driver",4929
"D_JOL C 2",115,1,"BlockProc2","Block2",77,"Donkey - Mule","B",32,NA,2590,"StudyProc5","Cut - ?","chop",4981
"D_JOL C 2",115,1,"BlockProc2","Block2",71,"Paper - Document","B",33,"87",3192,"StudyProc5","Donkey - ?","mule",2735
"D_JOL C 2",115,1,"BlockProc2","Block2",19,"Smell - Incense","B",34,"40",4041,"StudyProc5","Paper - ?","documents",4299
"D_JOL C 2",115,1,"BlockProc2","Block2",64,"Eat - Dine","B",35,"86",4059,"StudyProc5","Smell - ?","incense",3975
"D_JOL C 2",115,1,"BlockProc2","Block2",66,"Scissors - Shears","B",36,NA,20434,"StudyProc5","Eat - ?","food",4075
"D_JOL C 2",115,1,"BlockProc2","Block2",58,"Fight - Feud","B",37,"69",3190,"StudyProc5","Scissors - ?","sheer",2398
"D_JOL C 2",115,1,"BlockProc2","Block2",28,"Plant - Cactus","B",38,NA,4503,"StudyProc5","Fight - ?","brawl",4997
"D_JOL C 2",115,1,"BlockProc2","Block2",30,"Cold - Chill","B",39,"83",3022,"StudyProc5","Cold - ?","chill",2754
"D_JOL C 2",115,1,"BlockProc2","Block2",12,"Love - Affection","B",40,NA,3286,"StudyProc5","Love - ?","give",4263
"D_JOL C 2",115,1,"BlockProc2","Block2",47,"Shave - Razor","S",41,"91",3528,"StudyProc5","Shave - ?","razor",3516
"D_JOL C 2",115,1,"BlockProc2","Block2",46,"Equal - Rights","S",42,NA,6206,"StudyProc5","Equal - ?","rights",2538
"D_JOL C 2",115,1,"BlockProc2","Block2",23,"Jar - Mason","S",43,"75",5063,"StudyProc5","Jar - ?","mason",2330
"D_JOL C 2",115,1,"BlockProc2","Block2",24,"Wax - Candle","S",44,"78",3506,"StudyProc5","Wax - ?","candle",6297
"D_JOL C 2",115,1,"BlockProc2","Block2",42,"Bracelet - Wrist","S",45,NA,3564,"StudyProc5","Bracelet - ?","wrist",4673
"D_JOL C 2",115,1,"BlockProc2","Block2",43,"Carbon - Element","S",46,NA,3632,"StudyProc5","Carbon - ?","element",2894
"D_JOL C 2",115,1,"BlockProc2","Block2",27,"Away - Gone","S",47,"86",3069,"StudyProc5","Away - ?","go",3754
"D_JOL C 2",115,1,"BlockProc2","Block2",18,"Drink - Water","S",48,"60",5237,"StudyProc5","Drink - ?","water",3748
"D_JOL C 2",115,1,"BlockProc2","Block2",22,"Ground - Earth","S",49,"70",5016,"StudyProc5","Ground - ?","earth",3131
"D_JOL C 2",115,1,"BlockProc2","Block2",68,"Lonely - Alone","S",50,"98",2028,"StudyProc5","Lonely - ?","alone",4189
"D_JOL C 2",115,1,"BlockProc2","Block2",72,"Seatbelt - Safety","S",51,"91",2277,"StudyProc5","Wet - ?","dry",1962
"D_JOL C 2",115,1,"BlockProc2","Block2",67,"Lie - Truth","S",52,NA,2126,"StudyProc5","Seatbelt - ?","safety",3083
"D_JOL C 2",115,1,"BlockProc2","Block2",60,"Communication - Phone","S",53,"80",5659,"StudyProc5","Lie - ?","truth",2830
"D_JOL C 2",115,1,"BlockProc2","Block2",36,"Reel - Rod","S",54,"69",4476,"StudyProc5","Communication - ?","phone",4820
"D_JOL C 2",115,1,"BlockProc2","Block2",59,"Tick - Flea","S",55,"87",7270,"StudyProc5","Reel - ?","rod",1733
"D_JOL C 2",115,1,"BlockProc2","Block2",26,"Noise - Loud","S",56,"80",8791,"StudyProc5","Tick - ?","flea",2190
"D_JOL C 2",115,1,"BlockProc2","Block2",15,"Have - Own","S",57,"20",12468,"StudyProc5","Noise - ?","loud",2519
"D_JOL C 2",115,1,"BlockProc2","Block2",55,"Temper - Tantrum","S",58,"87",6364,"StudyProc5","Temper - ?","tantrum",4715
"D_JOL C 2",115,1,"BlockProc2","Block2",25,"Tan - Sun","S",59,"83",2623,"StudyProc5","Have - ?","own",2575
"D_JOL C 2",115,1,"BlockProc2","Block2",9,"Maroon - Justice","U",60,NA,2208,"StudyProc5","Tan - ?","sun",2320
"D_JOL C 2",115,1,"BlockProc2","Block2",83,"Cloth - Stretch","U",61,"80",2623,"StudyProc5","Maroon - ?","justice",6387
"D_JOL C 2",115,1,"BlockProc2","Block2",7,"Election - Maze","U",62,NA,2216,"StudyProc5","Cloth - ?","sheet",5020
"D_JOL C 2",115,1,"BlockProc2","Block2",79,"Charm - Vehicle","U",63,NA,2689,"StudyProc5","Steak - ?","chill",5671
"D_JOL C 2",115,1,"BlockProc2","Block2",14,"Obtain - Meat","U",64,NA,2785,"StudyProc5","Election - ?","campaign",7025
"D_JOL C 2",115,1,"BlockProc2","Block2",54,"Able - Crackle","U",65,"40",4544,"StudyProc5","Charm - ?","bracelet",5374
"D_JOL C 2",115,1,"BlockProc2","Block2",34,"Shake - Shell","U",66,"50",4158,"StudyProc5","Obtain - ?","get",5597
"D_JOL C 2",115,1,"BlockProc2","Block2",11,"Fiction - Listen","U",67,NA,3571,"StudyProc5","Able - ?","cackle",4259
"D_JOL C 2",115,1,"BlockProc2","Block2",57,"Joke - Keys","U",68,NA,15055,"StudyProc5","Shake - ?","shell",4115
"D_JOL C 2",115,1,"BlockProc2","Block2",32,"Hate - Name","U",69,NA,6753,"StudyProc5","Fiction - ?","listen",9751
"D_JOL C 2",115,1,"BlockProc2","Block2",56,"Bang - Fuzzy","U",70,"78",3594,"StudyProc5","Joke - ?","laugh",3225
"D_JOL C 2",115,1,"BlockProc2","Block2",74,"Clear - Moat","U",71,"10",1375,"StudyProc5","Clothes - ?","attire",5191
"D_JOL C 2",115,1,"BlockProc2","Block2",44,"Wet - Dry","S",72,"80",3325,"StudyProc5","Hate - ?","love",8805
"D_JOL C 2",115,1,"BlockProc2","Block2",65,"Steak - Give","U",73,NA,3489,"StudyProc5","Bang - ?","pow",5674
"D_JOL C 2",115,1,"BlockProc2","Block2",6,"Late - Early","U",74,NA,4907,"StudyProc5","Clear - ?","transparent",7695
"D_JOL C 2",115,1,"BlockProc2","Block2",49,"Toil - Lease","U",75,"38",3041,"StudyProc5","Toil - ?","boil",3967
"D_JOL C 2",115,1,"BlockProc2","Block2",33,"Sign - Loan","U",76,"40",25994,"StudyProc5","Sign - ?","object",10574
"D_JOL C 2",115,1,"BlockProc2","Block2",45,"Ounce - Both","U",77,NA,2126,"StudyProc5","Ounce - ?","both",3687
"D_JOL C 2",115,1,"BlockProc2","Block2",39,"Morning - Temperature","U",78,"49",3425,"StudyProc5","Morning - ?","temperature",4586
"D_JOL C 2",115,1,"BlockProc2","Block2",51,"Children - Mirror","U",79,NA,5079,"StudyProc5","Children - ?","baby",6330
"D_JOL C 2",115,1,"BlockProc2","Block2",78,"Main - Scar","U",80,NA,2516,"StudyProc5","Main - ?","job",8037
"D_JOL C 2",139,1,"BlockProc2","Block2",7,"Thimble - Thread","F",6,"90",3313,"StudyProc5","Thimble - ?","arn",11651
"D_JOL C 2",139,1,"BlockProc2","Block2",60,"Revenge - Even","F",7,"60",8482,"StudyProc5","Revenge - ?","evil",3345
"D_JOL C 2",139,1,"BlockProc2","Block2",42,"Balloon - Pop","F",8,"60",3600,"StudyProc5","Balloon - ?","pop",3991
"D_JOL C 2",139,1,"BlockProc2","Block2",37,"Strawberry - Fruit","F",9,"75",2027,"StudyProc5","Strawberry - ?","fruit",6255
"D_JOL C 2",139,1,"BlockProc2","Block2",81,"Favorite - Best","F",10,"60",2698,"StudyProc5","Favorite - ?","interest",7891
"D_JOL C 2",139,1,"BlockProc2","Block2",30,"Panther - Cat","F",11,"80",2180,"StudyProc5","Panther - ?","cat",8757
"D_JOL C 2",139,1,"BlockProc2","Block2",17,"Breakable - Glass","F",12,NA,4326,"StudyProc5","Breakable - ?","glass",5130
"D_JOL C 2",139,1,"BlockProc2","Block2",63,"Coffin - Dead","F",13,"80",2150,"StudyProc5","Coffin - ?","death",3603
"D_JOL C 2",139,1,"BlockProc2","Block2",14,"Aircraft - Plane","F",14,"80",2368,"StudyProc5","Aircraft - ?","plane",5061
"D_JOL C 2",139,1,"BlockProc2","Block2",38,"Sardine - Fish","F",15,"55",3180,"StudyProc5","Sardine - ?","fish",4725
"D_JOL C 2",139,1,"BlockProc2","Block2",56,"League - Baseball","F",16,"50",5359,"StudyProc5","League - ?","star",4347
"D_JOL C 2",139,1,"BlockProc2","Block2",29,"Banker - Money","F",17,"75",3556,"StudyProc5","Banker - ?","money",5096
"D_JOL C 2",139,1,"BlockProc2","Block2",69,"Truthful - Honest","F",18,NA,4605,"StudyProc5","Truthful - ?","speak",7141
"D_JOL C 2",139,1,"BlockProc2","Block2",80,"Nap - Sleep","F",19,"60",6522,"StudyProc5","Nap - ?","time",4496
"D_JOL C 2",139,1,"BlockProc2","Block2",11,"Brawl - Fight","F",20,"95",4393,"StudyProc5","Brawl - ?","fight",3743
"D_JOL C 2",139,1,"BlockProc2","Block2",53,"Long - Extension","B",21,"50",6035,"StudyProc5","Long - ?","run",5448
"D_JOL C 2",139,1,"BlockProc2","Block2",8,"Game - Clue","B",22,NA,2846,"StudyProc5","Game - ?","win",4162
"D_JOL C 2",139,1,"BlockProc2","Block2",34,"Tie - Shoelace","B",23,"45",4058,"StudyProc5","Plant - ?","animal",4350
"D_JOL C 2",139,1,"BlockProc2","Block2",72,"Mystery - Detective","B",24,"50",2942,"StudyProc5","Tie - ?","shpelace",6266
"D_JOL C 2",139,1,"BlockProc2","Block2",64,"End - Adjourn","B",25,"20",5768,"StudyProc5","Mystery - ?","machine",8589
"D_JOL C 2",139,1,"BlockProc2","Block2",15,"Dog - Furry","B",26,"65",4313,"StudyProc5","End - ?","beggiing",11156
"D_JOL C 2",139,1,"BlockProc2","Block2",54,"Trash - Litter","B",27,"80",3811,"StudyProc5","Dog - ?","fd",5866
"D_JOL C 2",139,1,"BlockProc2","Block2",66,"Red - Cherry","B",28,"75",4359,"StudyProc5","Trash - ?","board",7246
"D_JOL C 2",139,1,"BlockProc2","Block2",73,"Head - Scalp","B",29,"60",5042,"StudyProc5","Red - ?","cherry",4061
"D_JOL C 2",139,1,"BlockProc2","Block2",19,"Car - Driver","B",30,"70",3474,"StudyProc5","Head - ?","neck",8472
"D_JOL C 2",139,1,"BlockProc2","Block2",40,"Cut - Chop","B",31,"75",2243,"StudyProc5","Car - ?","bike",5941
"D_JOL C 2",139,1,"BlockProc2","Block2",12,"Donkey - Mule","B",32,"90",2130,"StudyProc5","Cut - ?","scissors",4699
"D_JOL C 2",139,1,"BlockProc2","Block2",26,"Paper - Document","B",33,"75",2614,"StudyProc5","Donkey - ?","kick",3855
"D_JOL C 2",139,1,"BlockProc2","Block2",52,"Smell - Incense","B",34,"60",3346,"StudyProc5","Paper - ?","cut",4718
"D_JOL C 2",139,1,"BlockProc2","Block2",67,"Eat - Dine","B",35,"65",2679,"StudyProc5","Smell - ?","stench",4779
"D_JOL C 2",139,1,"BlockProc2","Block2",35,"Scissors - Shears","B",36,NA,2868,"StudyProc5","Eat - ?","sleep",3824
"D_JOL C 2",139,1,"BlockProc2","Block2",70,"Fight - Feud","B",37,"50",2912,"StudyProc5","Scissors - ?","shears",5131
"D_JOL C 2",139,1,"BlockProc2","Block2",41,"Plant - Cactus","B",38,"50",5295,"StudyProc5","Fight - ?","quit",5301
"D_JOL C 2",139,1,"BlockProc2","Block2",61,"Cold - Chill","B",39,"85",3536,"StudyProc5","Cold - ?","feet",2665
"D_JOL C 2",139,1,"BlockProc2","Block2",49,"Love - Affection","B",40,"45",7210,"StudyProc5","Love - ?","heart",5780
"D_JOL C 2",139,1,"BlockProc2","Block2",83,"Shave - Razor","S",41,"90",2161,"StudyProc5","Shave - ?","razor",3604
"D_JOL C 2",139,1,"BlockProc2","Block2",82,"Equal - Rights","S",42,"90",4500,"StudyProc5","Equal - ?","rights",3484
"D_JOL C 2",139,1,"BlockProc2","Block2",23,"Jar - Mason","S",43,"90",2329,"StudyProc5","Jar - ?","jam",6183
"D_JOL C 2",139,1,"BlockProc2","Block2",59,"Wax - Candle","S",44,"70",3598,"StudyProc5","Wax - ?","candle",7535
"D_JOL C 2",139,1,"BlockProc2","Block2",57,"Bracelet - Wrist","S",45,"50",3075,"StudyProc5","Bracelet - ?","arm",4166
"D_JOL C 2",139,1,"BlockProc2","Block2",22,"Carbon - Element","S",46,"90",4862,"StudyProc5","Carbon - ?","gas",4186
"D_JOL C 2",139,1,"BlockProc2","Block2",21,"Away - Gone","S",47,"90",2022,"StudyProc5","Away - ?","from",2797
"D_JOL C 2",139,1,"BlockProc2","Block2",43,"Drink - Water","S",48,"75",1235,"StudyProc5","Drink - ?","spda",3528
"D_JOL C 2",139,1,"BlockProc2","Block2",45,"Ground - Earth","S",49,"68",3801,"StudyProc5","Ground - ?","olid",8703
"D_JOL C 2",139,1,"BlockProc2","Block2",31,"Lonely - Alone","S",50,"100",2378,"StudyProc5","Lonely - ?","sad",2881
"D_JOL C 2",139,1,"BlockProc2","Block2",20,"Seatbelt - Safety","S",51,"90",1630,"StudyProc5","Wet - ?","water",8626
"D_JOL C 2",139,1,"BlockProc2","Block2",39,"Lie - Truth","S",52,"75",3062,"StudyProc5","Seatbelt - ?","drive",3918
"D_JOL C 2",139,1,"BlockProc2","Block2",25,"Communication - Phone","S",53,"50",2269,"StudyProc5","Lie - ?","truth",4176
"D_JOL C 2",139,1,"BlockProc2","Block2",74,"Reel - Rod","S",54,"70",3512,"StudyProc5","Communication - ?","process",7703
"D_JOL C 2",139,1,"BlockProc2","Block2",77,"Tick - Flea","S",55,"65",4143,"StudyProc5","Reel - ?","rod",8450
"D_JOL C 2",139,1,"BlockProc2","Block2",58,"Noise - Loud","S",56,NA,2748,"StudyProc5","Tick - ?","bug",5793
"D_JOL C 2",139,1,"BlockProc2","Block2",18,"Have - Own","S",57,NA,11230,"StudyProc5","Noise - ?","loud",3895
"D_JOL C 2",139,1,"BlockProc2","Block2",48,"Temper - Tantrum","S",58,"10",12424,"StudyProc5","Temper - ?","angr",7130
"D_JOL C 2",139,1,"BlockProc2","Block2",79,"Tan - Sun","S",59,NA,966,"StudyProc5","Have - ?","hive",3959
"D_JOL C 2",139,1,"BlockProc2","Block2",62,"Maroon - Justice","U",60,"65",3484,"StudyProc5","Tan - ?","sun",3550
"D_JOL C 2",139,1,"BlockProc2","Block2",33,"Cloth - Stretch","U",61,"65",3235,"StudyProc5","Maroon - ?","",12496
"D_JOL C 2",139,1,"BlockProc2","Block2",75,"Election - Maze","U",62,"50",4558,"StudyProc5","Cloth - ?","stretch",4930
"D_JOL C 2",139,1,"BlockProc2","Block2",68,"Charm - Vehicle","U",63,"50",1827,"StudyProc5","Steak - ?","eat",2388
"D_JOL C 2",139,1,"BlockProc2","Block2",24,"Obtain - Meat","U",64,NA,3912,"StudyProc5","Election - ?","car",5182
"D_JOL C 2",139,1,"BlockProc2","Block2",78,"Able - Crackle","U",65,"75",5017,"StudyProc5","Charm - ?","spell",5207
"D_JOL C 2",139,1,"BlockProc2","Block2",50,"Shake - Shell","U",66,"85",4500,"StudyProc5","Obtain - ?","more",2704
"D_JOL C 2",139,1,"BlockProc2","Block2",71,"Fiction - Listen","U",67,"60",3925,"StudyProc5","Able - ?","can",3227
"D_JOL C 2",139,1,"BlockProc2","Block2",55,"Joke - Keys","U",68,"65",4227,"StudyProc5","Shake - ?","back",5518
"D_JOL C 2",139,1,"BlockProc2","Block2",51,"Hate - Name","U",69,"85",3951,"StudyProc5","Fiction - ?","fan",3903
"D_JOL C 2",139,1,"BlockProc2","Block2",6,"Bang - Fuzzy","U",70,"90",2969,"StudyProc5","Joke - ?","laugh",6302
"D_JOL C 2",139,1,"BlockProc2","Block2",27,"Clear - Moat","U",71,"0",1626,"StudyProc5","Clothes - ?","stretch",4044
"D_JOL C 2",139,1,"BlockProc2","Block2",44,"Wet - Dry","S",72,"75",1469,"StudyProc5","Hate - ?","crime",3490
"D_JOL C 2",139,1,"BlockProc2","Block2",65,"Steak - Give","U",73,"85",3922,"StudyProc5","Bang - ?","sound",5878
"D_JOL C 2",139,1,"BlockProc2","Block2",10,"Late - Early","U",74,"90",1584,"StudyProc5","Clear - ?","clean",3779
"D_JOL C 2",139,1,"BlockProc2","Block2",28,"Toil - Lease","U",75,"55",4543,"StudyProc5","Toil - ?","play",6977
"D_JOL C 2",139,1,"BlockProc2","Block2",13,"Sign - Loan","U",76,"50",2872,"StudyProc5","Sign - ?","up",2818
"D_JOL C 2",139,1,"BlockProc2","Block2",76,"Ounce - Both","U",77,"75",3569,"StudyProc5","Ounce - ?","before",3751
"D_JOL C 2",139,1,"BlockProc2","Block2",46,"Morning - Temperature","U",78,"80",2205,"StudyProc5","Morning - ?","person",6990
"D_JOL C 2",139,1,"BlockProc2","Block2",32,"Children - Mirror","U",79,NA,3304,"StudyProc5","Children - ?","school",4928
"D_JOL C 2",139,1,"BlockProc2","Block2",47,"Main - Scar","U",80,"40",2623,"StudyProc5","Main - ?","task",9974
"D_JOL D 2",136,1,"BlockProc1","Block1",79,"Word - Sentence","F",6,"100",2224,"StudyProc3","Word - ?","sentence",4844
"D_JOL D 2",136,1,"BlockProc1","Block1",30,"Wasp - Bug","F",7,"100",2528,"StudyProc3","Wasp - ?","sting",4067
"D_JOL D 2",136,1,"BlockProc1","Block1",60,"Division - Math","F",8,"100",1959,"StudyProc3","Division - ?","math",2029
"D_JOL D 2",136,1,"BlockProc1","Block1",73,"Attorney - Law","F",9,"100",2669,"StudyProc3","Attorney - ?","law",2843
"D_JOL D 2",136,1,"BlockProc1","Block1",66,"Fantastic - Great","F",10,"100",2692,"StudyProc3","Fantastic - ?","great",2361
"D_JOL D 2",136,1,"BlockProc1","Block1",69,"Latch - Key","F",11,"100",2545,"StudyProc3","Latch - ?","key",4988
"D_JOL D 2",136,1,"BlockProc1","Block1",51,"Chili - Hot","F",12,"100",6297,"StudyProc3","Chili - ?","hot",2064
"D_JOL D 2",136,1,"BlockProc1","Block1",57,"Racket - Ball","F",13,"0",5473,"StudyProc3","Racket - ?","noise",2951
"D_JOL D 2",136,1,"BlockProc1","Block1",44,"Chore - Work","F",14,"0",10333,"StudyProc3","Chore - ?","done",3775
"D_JOL D 2",136,1,"BlockProc1","Block1",64,"Famine - Hunger","F",15,"100",1871,"StudyProc3","Famine - ?","huner",3085
"D_JOL D 2",136,1,"BlockProc1","Block1",61,"Drowsy - Sleep","F",16,"100",1971,"StudyProc3","Drowsy - ?","sleep",3264
"D_JOL D 2",136,1,"BlockProc1","Block1",47,"Stench - Smell","F",17,"100",4142,"StudyProc3","Stench - ?","smell",3237
"D_JOL D 2",136,1,"BlockProc1","Block1",41,"Attire - Clothes","F",18,"100",4827,"StudyProc3","Attire - ?","clothes",3287
"D_JOL D 2",136,1,"BlockProc1","Block1",38,"Pilot - Plane","F",19,"50",2119,"StudyProc3","Pilot - ?","plane",2257
"D_JOL D 2",136,1,"BlockProc1","Block1",78,"Blaze - Fire","F",20,"0",2273,"StudyProc3","Blaze - ?","hot",2989
"D_JOL D 2",136,1,"BlockProc1","Block1",23,"Bad - Delinquent","B",21,"100",2844,"StudyProc3","Bad - ?","evl",3478
"D_JOL D 2",136,1,"BlockProc1","Block1",67,"Stomach - Digestion","B",22,"100",2659,"StudyProc3","Stomach - ?","ache",8966
"D_JOL D 2",136,1,"BlockProc1","Block1",56,"Money - Wage","B",23,"0",6802,"StudyProc3","Money - ?","bank",5451
"D_JOL D 2",136,1,"BlockProc1","Block1",85,"News - Editor","B",24,"50",6833,"StudyProc3","Hammer - ?","dll",6317
"D_JOL D 2",136,1,"BlockProc1","Block1",12,"Sting - Hornet","B",25,"50",6775,"StudyProc3","News - ?","report",10306
"D_JOL D 2",136,1,"BlockProc1","Block1",32,"Cold - Bitter","B",26,"0",25911,"StudyProc3","Sting - ?","hornet",6762
"D_JOL D 2",136,1,"BlockProc1","Block1",39,"Plant - Root","B",27,"25",1578,"StudyProc3","Cold - ?","ice",5740
"D_JOL D 2",136,1,"BlockProc1","Block1",82,"Bird - Swan","B",28,"10",2923,"StudyProc3","Plant - ?","flower",2989
"D_JOL D 2",136,1,"BlockProc1","Block1",42,"Dog - Paw","B",29,"100",2245,"StudyProc3","Bird - ?","penguin",11503
"D_JOL D 2",136,1,"BlockProc1","Block1",15,"Out - Way","B",30,"0",8465,"StudyProc3","Dog - ?","furry",3381
"D_JOL D 2",136,1,"BlockProc1","Block1",7,"Clean - Hygiene","B",31,"50",4205,"StudyProc3","Out - ?","in",1895
"D_JOL D 2",136,1,"BlockProc1","Block1",9,"Water - Bridge","B",32,"50",8686,"StudyProc3","Clean - ?","dirty",7131
"D_JOL D 2",136,1,"BlockProc1","Block1",28,"Rock - Geology","B",33,"50",2770,"StudyProc3","Water- ?","drink",2835
"D_JOL D 2",136,1,"BlockProc1","Block1",59,"War - Revolution","B",34,"100",1623,"StudyProc3","Rock - ?","stone",5807
"D_JOL D 2",136,1,"BlockProc1","Block1",84,"Talk - Discussion","B",35,"50",2333,"StudyProc3","War - ?","revolution",3968
"D_JOL D 2",136,1,"BlockProc1","Block1",53,"Cow - Herd","B",36,"100",1584,"StudyProc3","Talk - ?","discusion",12696
"D_JOL D 2",136,1,"BlockProc1","Block1",18,"Card - Credit","B",37,"100",5328,"StudyProc3","Cow - ?","milk",7745
"D_JOL D 2",136,1,"BlockProc1","Block1",8,"Flower - Orchid","B",38,"75",3577,"StudyProc3","Card - ?","credit",3124
"D_JOL D 2",136,1,"BlockProc1","Block1",17,"Fish - Tuna","B",39,"100",2160,"StudyProc3","Flower - ?","orchid",3797
"D_JOL D 2",136,1,"BlockProc1","Block1",65,"Hammer - Chisel","B",40,"0",3146,"StudyProc3","Fish - ?","tuna",1858
"D_JOL D 2",136,1,"BlockProc1","Block1",34,"Assignment - Due","S",41,"0",3280,"StudyProc3","Amount - ?","number",2589
"D_JOL D 2",136,1,"BlockProc1","Block1",21,"Amount - Number","S",42,"0",2653,"StudyProc3","Assignment - ?","due",2391
"D_JOL D 2",136,1,"BlockProc1","Block1",11,"Site - Location","S",43,"100",2851,"StudyProc3","Site - ?","location",3985
"D_JOL D 2",136,1,"BlockProc1","Block1",46,"Waste - Dump","S",44,"100",4016,"StudyProc3","Waste - ?","trash",4234
"D_JOL D 2",136,1,"BlockProc1","Block1",6,"Jury - Trial","S",45,"100",2513,"StudyProc3","Jury - ?","trial",2340
"D_JOL D 2",136,1,"BlockProc1","Block1",62,"Design - Architecture","S",46,"0",1689,"StudyProc3","Design - ?","make",4763
"D_JOL D 2",136,1,"BlockProc1","Block1",33,"Bar - Grill","S",47,"0",4675,"StudyProc3","Bar - ?","drink",2486
"D_JOL D 2",136,1,"BlockProc1","Block1",19,"Liver - Kidney","S",48,"100",3435,"StudyProc3","Liver - ?","kidney",2803
"D_JOL D 2",136,1,"BlockProc1","Block1",76,"End - Begin","S",49,"100",1704,"StudyProc3","End - ?","begin",2805
"D_JOL D 2",136,1,"BlockProc1","Block1",13,"Wind - Blow","S",50,"100",2440,"StudyProc3","Wind - ?","blow",3393
"D_JOL D 2",136,1,"BlockProc1","Block1",29,"Soda - Pop","S",51,"100",1700,"StudyProc3","Soda - ?","pop",2600
"D_JOL D 2",136,1,"BlockProc1","Block1",24,"Cheese - Wine","S",52,"100",2077,"StudyProc3","Cheese - ?","wine",2528
"D_JOL D 2",136,1,"BlockProc1","Block1",22,"Toilet - Bathroom","S",53,"100",1851,"StudyProc3","Toilet - ?","turn",4833
"D_JOL D 2",136,1,"BlockProc1","Block1",81,"Decision - Choice","S",54,"25",7679,"StudyProc3","Decision - ?","choice",5111
"D_JOL D 2",136,1,"BlockProc1","Block1",70,"Foot - Shoe","S",55,"100",3218,"StudyProc3","Foot - ?","shoe",5003
"D_JOL D 2",136,1,"BlockProc1","Block1",14,"Future - Past","S",56,"100",2299,"StudyProc3","Future - ?","past",2393
"D_JOL D 2",136,1,"BlockProc1","Block1",83,"Salad - Lettuce","S",57,"75",2927,"StudyProc3","Salad - ?","lettuce",5154
"D_JOL D 2",136,1,"BlockProc1","Block1",80,"Bee - Honey","S",58,"100",4240,"StudyProc3","Bee - ?","honey",6389
"D_JOL D 2",136,1,"BlockProc1","Block1",43,"Child - Baby","S",59,"50",7205,"StudyProc3","Child - ?","play",3091
"D_JOL D 2",136,1,"BlockProc1","Block1",75,"Round - Circle","S",60,"100",1945,"StudyProc3","Round - ?","circle",5076
"D_JOL D 2",136,1,"BlockProc1","Block1",74,"Clutter - Pusher","U",61,"0",1433,"StudyProc3","Clutter - ?","trash",3807
"D_JOL D 2",136,1,"BlockProc1","Block1",54,"Sacking - Dietary","U",62,"0",1201,"StudyProc3","Sacking - ?","steal",3960
"D_JOL D 2",136,1,"BlockProc1","Block1",37,"Hungry - Park","U",63,"100",2532,"StudyProc3","Hungry - ?","eat",8606
"D_JOL D 2",136,1,"BlockProc1","Block1",20,"Woman - Lift","U",64,"0",1334,"StudyProc3","Woman - ?","nice",8329
"D_JOL D 2",136,1,"BlockProc1","Block1",25,"Belt - Soon","U",65,"0",3509,"StudyProc3","Belt - ?","pants",6815
"D_JOL D 2",136,1,"BlockProc1","Block1",36,"Floor - Discover","U",66,"0",1972,"StudyProc3","Floor - ?","ceiling",10257
"D_JOL D 2",136,1,"BlockProc1","Block1",27,"Business - Death","U",67,"0",2105,"StudyProc3","Business - ?","paper",8435
"D_JOL D 2",136,1,"BlockProc1","Block1",68,"Sight - Debate","U",68,"0",3456,"StudyProc3","Sight - ?","see",7308
"D_JOL D 2",136,1,"BlockProc1","Block1",48,"Bronze - Artery","U",69,"25",2073,"StudyProc3","Bronze - ?","gold",3042
"D_JOL D 2",136,1,"BlockProc1","Block1",55,"Hand - Fix","U",70,"100",10677,"StudyProc3","Hand - ?","fix",3306
"D_JOL D 2",136,1,"BlockProc1","Block1",58,"Position - Machine","U",71,"0",2427,"StudyProc3","Position - ?","machine",6593
"D_JOL D 2",136,1,"BlockProc1","Block1",52,"Car - Happy","U",72,"0",2462,"StudyProc3","Car - ?","accident",7126
"D_JOL D 2",136,1,"BlockProc1","Block1",35,"Tuck - Allow","U",73,"100",3882,"StudyProc3","Tuck - ?","llow",4471
"D_JOL D 2",136,1,"BlockProc1","Block1",40,"Lion - Art","U",74,"0",2763,"StudyProc3","Lion - ?","make",6068
"D_JOL D 2",136,1,"BlockProc1","Block1",72,"Accident - Strong","U",75,"0",2790,"StudyProc3","Accident - ?","car",4473
"D_JOL D 2",136,1,"BlockProc1","Block1",26,"Riddle - Sugar","U",76,"100",1787,"StudyProc3","Riddle - ?","solve",2896
"D_JOL D 2",136,1,"BlockProc1","Block1",10,"Add - Valley","U",77,"0",2553,"StudyProc3","Add - ?","subtract",6747
"D_JOL D 2",136,1,"BlockProc1","Block1",77,"Would - Cash","U",78,"50",2945,"StudyProc3","Would - ?","make",8727
"D_JOL D 2",136,1,"BlockProc1","Block1",45,"Sick - Hide","U",79,"0",6189,"StudyProc3","Sick - ?","healthy",30306
"D_JOL D 2",136,1,"BlockProc1","Block1",49,"Vase - King","U",80,"0",2050,"StudyProc3","Vase - ?","flower",3133
"D_JOL D 2",136,1,"BlockProc2","Block2",44,"Thimble - Thread","F",6,"90",2481,"StudyProc5","Thimble - ?","thread",3320
"D_JOL D 2",136,1,"BlockProc2","Block2",40,"Revenge - Even","F",7,"100",4371,"StudyProc5","Revenge - ?","game",8003
"D_JOL D 2",136,1,"BlockProc2","Block2",8,"Balloon - Pop","F",8,"100",3512,"StudyProc5","Balloon - ?","pop",3920
"D_JOL D 2",136,1,"BlockProc2","Block2",75,"Strawberry - Fruit","F",9,"100",4912,"StudyProc5","Strawberry - ?","fruit",2478
"D_JOL D 2",136,1,"BlockProc2","Block2",52,"Favorite - Best","F",10,"100",2085,"StudyProc5","Favorite - ?","best",2225
"D_JOL D 2",136,1,"BlockProc2","Block2",27,"Panther - Cat","F",11,"75",4797,"StudyProc5","Panther - ?","cat",3247
"D_JOL D 2",136,1,"BlockProc2","Block2",58,"Breakable - Glass","F",12,"100",4558,"StudyProc5","Breakable - ?","glass",3085
"D_JOL D 2",136,1,"BlockProc2","Block2",24,"Coffin - Dead","F",13,"100",4230,"StudyProc5","Coffin - ?","dead",2774
"D_JOL D 2",136,1,"BlockProc2","Block2",43,"Aircraft - Plane","F",14,"100",3569,"StudyProc5","Aircraft - ?","plane",5597
"D_JOL D 2",136,1,"BlockProc2","Block2",66,"Sardine - Fish","F",15,"100",2409,"StudyProc5","Sardine - ?","fish",2575
"D_JOL D 2",136,1,"BlockProc2","Block2",49,"League - Baseball","F",16,"50",4908,"StudyProc5","League - ?","baseball",4808
"D_JOL D 2",136,1,"BlockProc2","Block2",18,"Banker - Money","F",17,"50",2956,"StudyProc5","Banker - ?","money",6726
"D_JOL D 2",136,1,"BlockProc2","Block2",81,"Truthful - Honest","F",18,"100",2418,"StudyProc5","Truthful - ?","honest",3528
"D_JOL D 2",136,1,"BlockProc2","Block2",80,"Nap - Sleep","F",19,"100",3436,"StudyProc5","Nap - ?","sleep",4408
"D_JOL D 2",136,1,"BlockProc2","Block2",48,"Brawl - Fight","F",20,"100",2815,"StudyProc5","Brawl - ?","fight",3700
"D_JOL D 2",136,1,"BlockProc2","Block2",34,"Long - Extension","B",21,"100",2877,"StudyProc5","Long - ?","extension",7371
"D_JOL D 2",136,1,"BlockProc2","Block2",73,"Game - Clue","B",22,"50",5117,"StudyProc5","Game - ?","clue",4024
"D_JOL D 2",136,1,"BlockProc2","Block2",36,"Tie - Shoelace","B",23,"100",3745,"StudyProc5","Plant - ?","cactus",3630
"D_JOL D 2",136,1,"BlockProc2","Block2",21,"Mystery - Detective","B",24,"75",4205,"StudyProc5","Tie - ?","shoelace",5093
"D_JOL D 2",136,1,"BlockProc2","Block2",67,"End - Adjourn","B",25,"100",4666,"StudyProc5","Mystery - ?","detective",7671
"D_JOL D 2",136,1,"BlockProc2","Block2",13,"Dog - Furry","B",26,"90",4492,"StudyProc5","End - ?","start",5228
"D_JOL D 2",136,1,"BlockProc2","Block2",56,"Trash - Litter","B",27,"70",3861,"StudyProc5","Dog - ?","furry",6931
"D_JOL D 2",136,1,"BlockProc2","Block2",33,"Red - Cherry","B",28,"100",3687,"StudyProc5","Trash - ?","litter",2902
"D_JOL D 2",136,1,"BlockProc2","Block2",41,"Head - Scalp","B",29,"0",2953,"StudyProc5","Red - ?","cherry",2666
"D_JOL D 2",136,1,"BlockProc2","Block2",25,"Car - Driver","B",30,"100",3268,"StudyProc5","Head - ?","rest",18125
"D_JOL D 2",136,1,"BlockProc2","Block2",78,"Cut - Chop","B",31,"50",3535,"StudyProc5","Car - ?","vehicle",9801
"D_JOL D 2",136,1,"BlockProc2","Block2",69,"Donkey - Mule","B",32,"100",4259,"StudyProc5","Cut - ?","paper",14528
"D_JOL D 2",136,1,"BlockProc2","Block2",6,"Paper - Document","B",33,"50",6207,"StudyProc5","Donkey - ?","mule",2069
"D_JOL D 2",136,1,"BlockProc2","Block2",63,"Smell - Incense","B",34,"50",3936,"StudyProc5","Paper - ?","write",5701
"D_JOL D 2",136,1,"BlockProc2","Block2",16,"Eat - Dine","B",35,"90",4265,"StudyProc5","Smell - ?","nose",4862
"D_JOL D 2",136,1,"BlockProc2","Block2",53,"Scissors - Shears","B",36,"100",3368,"StudyProc5","Eat - ?","drink",5559
"D_JOL D 2",136,1,"BlockProc2","Block2",29,"Fight - Feud","B",37,"100",2650,"StudyProc5","Scissors - ?","shears",5610
"D_JOL D 2",136,1,"BlockProc2","Block2",35,"Plant - Cactus","B",38,"90",4026,"StudyProc5","Fight - ?","fued",7496
"D_JOL D 2",136,1,"BlockProc2","Block2",11,"Cold - Chill","B",39,"100",2785,"StudyProc5","Cold - ?","hot",3079
"D_JOL D 2",136,1,"BlockProc2","Block2",38,"Love - Affection","B",40,"100",4433,"StudyProc5","Love - ?","affection",8060
"D_JOL D 2",136,1,"BlockProc2","Block2",59,"Shave - Razor","S",41,"100",2306,"StudyProc5","Shave - ?","razor",3752
"D_JOL D 2",136,1,"BlockProc2","Block2",71,"Equal - Rights","S",42,"100",2714,"StudyProc5","Equal - ?","rights",2692
"D_JOL D 2",136,1,"BlockProc2","Block2",57,"Jar - Mason","S",43,"100",2936,"StudyProc5","Jar - ?","mason",4214
"D_JOL D 2",136,1,"BlockProc2","Block2",7,"Wax - Candle","S",44,"100",3607,"StudyProc5","Wax - ?","candle",4196
"D_JOL D 2",136,1,"BlockProc2","Block2",46,"Bracelet - Wrist","S",45,"100",3003,"StudyProc5","Bracelet - ?","wrist",3910
"D_JOL D 2",136,1,"BlockProc2","Block2",65,"Carbon - Element","S",46,"100",2767,"StudyProc5","Carbon - ?","element",5140
"D_JOL D 2",136,1,"BlockProc2","Block2",10,"Away - Gone","S",47,"100",3585,"StudyProc5","Away - ?","gone",4349
"D_JOL D 2",136,1,"BlockProc2","Block2",76,"Drink - Water","S",48,"100",4769,"StudyProc5","Drink - ?","eat",3955
"D_JOL D 2",136,1,"BlockProc2","Block2",61,"Ground - Earth","S",49,"50",3633,"StudyProc5","Ground - ?","earth",3299
"D_JOL D 2",136,1,"BlockProc2","Block2",50,"Lonely - Alone","S",50,"100",3127,"StudyProc5","Lonely - ?","alone",3972
"D_JOL D 2",136,1,"BlockProc2","Block2",12,"Seatbelt - Safety","S",51,"100",4284,"StudyProc5","Wet - ?","dry",2331
"D_JOL D 2",136,1,"BlockProc2","Block2",51,"Lie - Truth","S",52,"100",3332,"StudyProc5","Seatbelt - ?","car",2529
"D_JOL D 2",136,1,"BlockProc2","Block2",22,"Communication - Phone","S",53,"100",4299,"StudyProc5","Lie - ?","truth",2490
"D_JOL D 2",136,1,"BlockProc2","Block2",68,"Reel - Rod","S",54,"100",2798,"StudyProc5","Communication - ?","phone",3710
"D_JOL D 2",136,1,"BlockProc2","Block2",14,"Tick - Flea","S",55,"100",3342,"StudyProc5","Reel - ?","rail",5360
"D_JOL D 2",136,1,"BlockProc2","Block2",85,"Noise - Loud","S",56,"0",5679,"StudyProc5","Tick - ?","flea",4368
"D_JOL D 2",136,1,"BlockProc2","Block2",62,"Have - Own","S",57,"0",5487,"StudyProc5","Noise - ?","loud",3050
"D_JOL D 2",136,1,"BlockProc2","Block2",84,"Temper - Tantrum","S",58,"0",10577,"StudyProc5","Temper - ?","tantrum",3088
"D_JOL D 2",136,1,"BlockProc2","Block2",60,"Tan - Sun","S",59,"100",1989,"StudyProc5","Have - ?","own",5097
"D_JOL D 2",136,1,"BlockProc2","Block2",37,"Maroon - Justice","U",60,"75",5763,"StudyProc5","Tan - ?","sun",1893
"D_JOL D 2",136,1,"BlockProc2","Block2",83,"Cloth - Stretch","U",61,"0",4482,"StudyProc5","Maroon - ?","justice",3245
"D_JOL D 2",136,1,"BlockProc2","Block2",30,"Election - Maze","U",62,"50",3563,"StudyProc5","Cloth - ?","stretch",3180
"D_JOL D 2",136,1,"BlockProc2","Block2",31,"Charm - Vehicle","U",63,"70",7093,"StudyProc5","Steak - ?","buy",7914
"D_JOL D 2",136,1,"BlockProc2","Block2",23,"Obtain - Meat","U",64,"50",3096,"StudyProc5","Election - ?","vote",5390
"D_JOL D 2",136,1,"BlockProc2","Block2",42,"Able - Crackle","U",65,"100",4769,"StudyProc5","Charm - ?","wish",9617
"D_JOL D 2",136,1,"BlockProc2","Block2",15,"Shake - Shell","U",66,"75",3637,"StudyProc5","Obtain - ?","meat",5154
"D_JOL D 2",136,1,"BlockProc2","Block2",64,"Fiction - Listen","U",67,"100",3439,"StudyProc5","Able - ?","can",2335
"D_JOL D 2",136,1,"BlockProc2","Block2",82,"Joke - Keys","U",68,"100",2431,"StudyProc5","Shake - ?","turn",8868
"D_JOL D 2",136,1,"BlockProc2","Block2",32,"Hate - Name","U",69,"100",2710,"StudyProc5","Fiction - ?","listen",3634
"D_JOL D 2",136,1,"BlockProc2","Block2",54,"Bang - Fuzzy","U",70,"75",3943,"StudyProc5","Joke - ?","funny",10635
"D_JOL D 2",136,1,"BlockProc2","Block2",19,"Clear - Moat","U",71,"100",4073,"StudyProc5","Clothes - ?","stretch",9444
"D_JOL D 2",136,1,"BlockProc2","Block2",26,"Wet - Dry","S",72,"100",2483,"StudyProc5","Hate - ?","love",4526
"D_JOL D 2",136,1,"BlockProc2","Block2",17,"Steak - Give","U",73,"50",2856,"StudyProc5","Bang - ?","head",7537
"D_JOL D 2",136,1,"BlockProc2","Block2",79,"Late - Early","U",74,"50",4003,"StudyProc5","Clear - ?","mind",5544
"D_JOL D 2",136,1,"BlockProc2","Block2",45,"Toil - Lease","U",75,"90",3489,"StudyProc5","Toil - ?","tar",9302
"D_JOL D 2",136,1,"BlockProc2","Block2",72,"Sign - Loan","U",76,"75",3081,"StudyProc5","Sign - ?","write",9403
"D_JOL D 2",136,1,"BlockProc2","Block2",39,"Ounce - Both","U",77,"100",5003,"StudyProc5","Ounce - ?","both",3034
"D_JOL D 2",136,1,"BlockProc2","Block2",77,"Morning - Temperature","U",78,"100",4478,"StudyProc5","Morning - ?","early",4287
"D_JOL D 2",136,1,"BlockProc2","Block2",9,"Children - Mirror","U",79,"25",4654,"StudyProc5","Children - ?","loud",5818
"D_JOL D 2",136,1,"BlockProc2","Block2",55,"Main - Scar","U",80,"100",3873,"StudyProc5","Main - ?","start",18939
